ASIN,Title,Date,Price ($),Rating,Is Amazon
B00NLZUM36,"Redragon S101 Gaming Keyboard, M601 Mouse, RGB Backlit Gaming Keyboard, Programmable Backlit Mouse, Value Combo Set [New Version]",2015-01,$27.82,5.0,Yes
B00NLZUM36,"Redragon S101 Gaming Keyboard, M601 Mouse, RGB Backlit Gaming Keyboard, Programmable Backlit Mouse, Value Combo Set [New Version]",2015-02,$30.32,4.5,Yes
B00NLZUM36,"Redragon S101 Gaming Keyboard, M601 Mouse, RGB Backlit Gaming Keyboard, Programmable Backlit Mouse, Value Combo Set [New Version]",2015-03,$27.08,4.6,Yes
B00NLZUM36,"Redragon S101 Gaming Keyboard, M601 Mouse, RGB Backlit Gaming Keyboard, Programmable Backlit Mouse, Value Combo Set [New Version]",2015-04,$30.16,5.0,Yes
B00NLZUM36,"Redragon S101 Gaming Keyboard, M601 Mouse, RGB Backlit Gaming Keyboard, Programmable Backlit Mouse, Value Combo Set [New Version]",2015-05,$30.21,4.9,Yes
B00NLZUM36,"Redragon S101 Gaming Keyboard, M601 Mouse, RGB Backlit Gaming Keyboard, Programmable Backlit Mouse, Value Combo Set [New Version]",2015-06,$30.57,4.7,Yes
B00NLZUM36,"Redragon S101 Gaming Keyboard, M601 Mouse, RGB Backlit Gaming Keyboard, Programmable Backlit Mouse, Value Combo Set [New Version]",2015-07,$31.37,5.0,Yes
B00NLZUM36,"Redragon S101 Gaming Keyboard, M601 Mouse, RGB Backlit Gaming Keyboard, Programmable Backlit Mouse, Value Combo Set [New Version]",2015-08,$30.35,5.0,Yes
B00NLZUM36,"Redragon S101 Gaming Keyboard, M601 Mouse, RGB Backlit Gaming Keyboard, Programmable Backlit Mouse, Value Combo Set [New Version]",2015-09,$31.65,5.0,Yes
B00NLZUM36,"Redragon S101 Gaming Keyboard, M601 Mouse, RGB Backlit Gaming Keyboard, Programmable Backlit Mouse, Value Combo Set [New Version]",2015-10,$29.68,5.0,Yes
B00NLZUM36,"Redragon S101 Gaming Keyboard, M601 Mouse, RGB Backlit Gaming Keyboard, Programmable Backlit Mouse, Value Combo Set [New Version]",2015-11,$31.11,5.0,Yes
B00NLZUM36,"Redragon S101 Gaming Keyboard, M601 Mouse, RGB Backlit Gaming Keyboard, Programmable Backlit Mouse, Value Combo Set [New Version]",2015-12,$30.96,5.0,Yes
B00NLZUM36,"Redragon S101 Gaming Keyboard, M601 Mouse, RGB Backlit Gaming Keyboard, Programmable Backlit Mouse, Value Combo Set [New Version]",2016-01,$30.95,5.0,Yes
B00NLZUM36,"Redragon S101 Gaming Keyboard, M601 Mouse, RGB Backlit Gaming Keyboard, Programmable Backlit Mouse, Value Combo Set [New Version]",2016-02,$28.61,4.6,Yes
B00NLZUM36,"Redragon S101 Gaming Keyboard, M601 Mouse, RGB Backlit Gaming Keyboard, Programmable Backlit Mouse, Value Combo Set [New Version]",2016-03,$32.17,5.0,Yes
B00NLZUM36,"Redragon S101 Gaming Keyboard, M601 Mouse, RGB Backlit Gaming Keyboard, Programmable Backlit Mouse, Value Combo Set [New Version]",2016-04,$31.20,4.5,Yes
B00NLZUM36,"Redragon S101 Gaming Keyboard, M601 Mouse, RGB Backlit Gaming Keyboard, Programmable Backlit Mouse, Value Combo Set [New Version]",2016-05,$28.53,5.0,Yes
B00NLZUM36,"Redragon S101 Gaming Keyboard, M601 Mouse, RGB Backlit Gaming Keyboard, Programmable Backlit Mouse, Value Combo Set [New Version]",2016-06,$27.18,5.0,Yes
B00NLZUM36,"Redragon S101 Gaming Keyboard, M601 Mouse, RGB Backlit Gaming Keyboard, Programmable Backlit Mouse, Value Combo Set [New Version]",2016-07,$27.67,4.6,Yes
B00NLZUM36,"Redragon S101 Gaming Keyboard, M601 Mouse, RGB Backlit Gaming Keyboard, Programmable Backlit Mouse, Value Combo Set [New Version]",2016-08,$27.84,5.0,Yes
B00NLZUM36,"Redragon S101 Gaming Keyboard, M601 Mouse, RGB Backlit Gaming Keyboard, Programmable Backlit Mouse, Value Combo Set [New Version]",2016-09,$32.22,4.8,Yes
B00NLZUM36,"Redragon S101 Gaming Keyboard, M601 Mouse, RGB Backlit Gaming Keyboard, Programmable Backlit Mouse, Value Combo Set [New Version]",2016-10,$29.76,4.8,Yes
B00NLZUM36,"Redragon S101 Gaming Keyboard, M601 Mouse, RGB Backlit Gaming Keyboard, Programmable Backlit Mouse, Value Combo Set [New Version]",2016-11,$31.82,4.6,Yes
B00NLZUM36,"Redragon S101 Gaming Keyboard, M601 Mouse, RGB Backlit Gaming Keyboard, Programmable Backlit Mouse, Value Combo Set [New Version]",2016-12,$27.47,5.0,Yes
B00NLZUM36,"Redragon S101 Gaming Keyboard, M601 Mouse, RGB Backlit Gaming Keyboard, Programmable Backlit Mouse, Value Combo Set [New Version]",2017-01,$30.72,4.9,Yes
B00NLZUM36,"Redragon S101 Gaming Keyboard, M601 Mouse, RGB Backlit Gaming Keyboard, Programmable Backlit Mouse, Value Combo Set [New Version]",2017-02,$27.22,4.6,Yes
B00NLZUM36,"Redragon S101 Gaming Keyboard, M601 Mouse, RGB Backlit Gaming Keyboard, Programmable Backlit Mouse, Value Combo Set [New Version]",2017-03,$32.20,4.5,Yes
B00NLZUM36,"Redragon S101 Gaming Keyboard, M601 Mouse, RGB Backlit Gaming Keyboard, Programmable Backlit Mouse, Value Combo Set [New Version]",2017-04,$27.86,4.5,Yes
B00NLZUM36,"Redragon S101 Gaming Keyboard, M601 Mouse, RGB Backlit Gaming Keyboard, Programmable Backlit Mouse, Value Combo Set [New Version]",2017-05,$31.09,5.0,Yes
B00NLZUM36,"Redragon S101 Gaming Keyboard, M601 Mouse, RGB Backlit Gaming Keyboard, Programmable Backlit Mouse, Value Combo Set [New Version]",2017-06,$27.35,4.7,Yes
B00NLZUM36,"Redragon S101 Gaming Keyboard, M601 Mouse, RGB Backlit Gaming Keyboard, Programmable Backlit Mouse, Value Combo Set [New Version]",2017-07,$31.65,5.0,Yes
B00NLZUM36,"Redragon S101 Gaming Keyboard, M601 Mouse, RGB Backlit Gaming Keyboard, Programmable Backlit Mouse, Value Combo Set [New Version]",2017-08,$31.85,4.6,Yes
B00NLZUM36,"Redragon S101 Gaming Keyboard, M601 Mouse, RGB Backlit Gaming Keyboard, Programmable Backlit Mouse, Value Combo Set [New Version]",2017-09,$28.90,5.0,Yes
B00NLZUM36,"Redragon S101 Gaming Keyboard, M601 Mouse, RGB Backlit Gaming Keyboard, Programmable Backlit Mouse, Value Combo Set [New Version]",2017-10,$30.25,4.7,Yes
B00NLZUM36,"Redragon S101 Gaming Keyboard, M601 Mouse, RGB Backlit Gaming Keyboard, Programmable Backlit Mouse, Value Combo Set [New Version]",2017-11,$30.46,4.8,Yes
B00NLZUM36,"Redragon S101 Gaming Keyboard, M601 Mouse, RGB Backlit Gaming Keyboard, Programmable Backlit Mouse, Value Combo Set [New Version]",2017-12,$27.52,5.0,Yes
B00NLZUM36,"Redragon S101 Gaming Keyboard, M601 Mouse, RGB Backlit Gaming Keyboard, Programmable Backlit Mouse, Value Combo Set [New Version]",2018-01,$27.74,4.7,Yes
B00NLZUM36,"Redragon S101 Gaming Keyboard, M601 Mouse, RGB Backlit Gaming Keyboard, Programmable Backlit Mouse, Value Combo Set [New Version]",2018-02,$29.97,5.0,Yes
B00NLZUM36,"Redragon S101 Gaming Keyboard, M601 Mouse, RGB Backlit Gaming Keyboard, Programmable Backlit Mouse, Value Combo Set [New Version]",2018-03,$29.46,5.0,Yes
B00NLZUM36,"Redragon S101 Gaming Keyboard, M601 Mouse, RGB Backlit Gaming Keyboard, Programmable Backlit Mouse, Value Combo Set [New Version]",2018-04,$27.17,5.0,Yes
B00NLZUM36,"Redragon S101 Gaming Keyboard, M601 Mouse, RGB Backlit Gaming Keyboard, Programmable Backlit Mouse, Value Combo Set [New Version]",2018-05,$29.30,5.0,Yes
B00NLZUM36,"Redragon S101 Gaming Keyboard, M601 Mouse, RGB Backlit Gaming Keyboard, Programmable Backlit Mouse, Value Combo Set [New Version]",2018-06,$30.16,5.0,Yes
B00NLZUM36,"Redragon S101 Gaming Keyboard, M601 Mouse, RGB Backlit Gaming Keyboard, Programmable Backlit Mouse, Value Combo Set [New Version]",2018-07,$31.82,5.0,Yes
B00NLZUM36,"Redragon S101 Gaming Keyboard, M601 Mouse, RGB Backlit Gaming Keyboard, Programmable Backlit Mouse, Value Combo Set [New Version]",2018-08,$31.41,5.0,Yes
B00NLZUM36,"Redragon S101 Gaming Keyboard, M601 Mouse, RGB Backlit Gaming Keyboard, Programmable Backlit Mouse, Value Combo Set [New Version]",2018-09,$28.18,4.6,Yes
B00NLZUM36,"Redragon S101 Gaming Keyboard, M601 Mouse, RGB Backlit Gaming Keyboard, Programmable Backlit Mouse, Value Combo Set [New Version]",2018-10,$32.10,5.0,Yes
B00NLZUM36,"Redragon S101 Gaming Keyboard, M601 Mouse, RGB Backlit Gaming Keyboard, Programmable Backlit Mouse, Value Combo Set [New Version]",2018-11,$31.99,4.9,Yes
B00NLZUM36,"Redragon S101 Gaming Keyboard, M601 Mouse, RGB Backlit Gaming Keyboard, Programmable Backlit Mouse, Value Combo Set [New Version]",2018-12,$32.06,4.5,Yes
B00NLZUM36,"Redragon S101 Gaming Keyboard, M601 Mouse, RGB Backlit Gaming Keyboard, Programmable Backlit Mouse, Value Combo Set [New Version]",2019-01,$30.76,5.0,Yes
B00NLZUM36,"Redragon S101 Gaming Keyboard, M601 Mouse, RGB Backlit Gaming Keyboard, Programmable Backlit Mouse, Value Combo Set [New Version]",2019-02,$31.88,4.8,Yes
B00NLZUM36,"Redragon S101 Gaming Keyboard, M601 Mouse, RGB Backlit Gaming Keyboard, Programmable Backlit Mouse, Value Combo Set [New Version]",2019-03,$32.54,5.0,Yes
B00NLZUM36,"Redragon S101 Gaming Keyboard, M601 Mouse, RGB Backlit Gaming Keyboard, Programmable Backlit Mouse, Value Combo Set [New Version]",2019-04,$29.78,4.9,Yes
B00NLZUM36,"Redragon S101 Gaming Keyboard, M601 Mouse, RGB Backlit Gaming Keyboard, Programmable Backlit Mouse, Value Combo Set [New Version]",2019-05,$29.34,4.6,Yes
B00NLZUM36,"Redragon S101 Gaming Keyboard, M601 Mouse, RGB Backlit Gaming Keyboard, Programmable Backlit Mouse, Value Combo Set [New Version]",2019-06,$31.68,4.8,Yes
B00NLZUM36,"Redragon S101 Gaming Keyboard, M601 Mouse, RGB Backlit Gaming Keyboard, Programmable Backlit Mouse, Value Combo Set [New Version]",2019-07,$29.32,5.0,Yes
B00NLZUM36,"Redragon S101 Gaming Keyboard, M601 Mouse, RGB Backlit Gaming Keyboard, Programmable Backlit Mouse, Value Combo Set [New Version]",2019-08,$31.68,5.0,Yes
B00NLZUM36,"Redragon S101 Gaming Keyboard, M601 Mouse, RGB Backlit Gaming Keyboard, Programmable Backlit Mouse, Value Combo Set [New Version]",2019-09,$28.38,5.0,Yes
B00NLZUM36,"Redragon S101 Gaming Keyboard, M601 Mouse, RGB Backlit Gaming Keyboard, Programmable Backlit Mouse, Value Combo Set [New Version]",2019-10,$28.44,5.0,Yes
B00NLZUM36,"Redragon S101 Gaming Keyboard, M601 Mouse, RGB Backlit Gaming Keyboard, Programmable Backlit Mouse, Value Combo Set [New Version]",2019-11,$27.41,4.8,Yes
B00NLZUM36,"Redragon S101 Gaming Keyboard, M601 Mouse, RGB Backlit Gaming Keyboard, Programmable Backlit Mouse, Value Combo Set [New Version]",2019-12,$30.95,5.0,Yes
B00NLZUM36,"Redragon S101 Gaming Keyboard, M601 Mouse, RGB Backlit Gaming Keyboard, Programmable Backlit Mouse, Value Combo Set [New Version]",2020-01,$30.89,5.0,Yes
B00NLZUM36,"Redragon S101 Gaming Keyboard, M601 Mouse, RGB Backlit Gaming Keyboard, Programmable Backlit Mouse, Value Combo Set [New Version]",2020-02,$28.36,5.0,Yes
B00NLZUM36,"Redragon S101 Gaming Keyboard, M601 Mouse, RGB Backlit Gaming Keyboard, Programmable Backlit Mouse, Value Combo Set [New Version]",2020-03,$30.35,4.8,Yes
B00NLZUM36,"Redragon S101 Gaming Keyboard, M601 Mouse, RGB Backlit Gaming Keyboard, Programmable Backlit Mouse, Value Combo Set [New Version]",2020-04,$27.32,4.7,Yes
B00NLZUM36,"Redragon S101 Gaming Keyboard, M601 Mouse, RGB Backlit Gaming Keyboard, Programmable Backlit Mouse, Value Combo Set [New Version]",2020-05,$28.51,5.0,Yes
B00NLZUM36,"Redragon S101 Gaming Keyboard, M601 Mouse, RGB Backlit Gaming Keyboard, Programmable Backlit Mouse, Value Combo Set [New Version]",2020-06,$32.00,5.0,Yes
B00NLZUM36,"Redragon S101 Gaming Keyboard, M601 Mouse, RGB Backlit Gaming Keyboard, Programmable Backlit Mouse, Value Combo Set [New Version]",2020-07,$29.37,4.9,Yes
B00NLZUM36,"Redragon S101 Gaming Keyboard, M601 Mouse, RGB Backlit Gaming Keyboard, Programmable Backlit Mouse, Value Combo Set [New Version]",2020-08,$31.37,5.0,Yes
B00NLZUM36,"Redragon S101 Gaming Keyboard, M601 Mouse, RGB Backlit Gaming Keyboard, Programmable Backlit Mouse, Value Combo Set [New Version]",2020-09,$27.59,4.6,Yes
B00NLZUM36,"Redragon S101 Gaming Keyboard, M601 Mouse, RGB Backlit Gaming Keyboard, Programmable Backlit Mouse, Value Combo Set [New Version]",2020-10,$32.64,5.0,Yes
B00NLZUM36,"Redragon S101 Gaming Keyboard, M601 Mouse, RGB Backlit Gaming Keyboard, Programmable Backlit Mouse, Value Combo Set [New Version]",2020-11,$31.85,5.0,Yes
B00NLZUM36,"Redragon S101 Gaming Keyboard, M601 Mouse, RGB Backlit Gaming Keyboard, Programmable Backlit Mouse, Value Combo Set [New Version]",2020-12,$31.24,4.7,Yes
B00NLZUM36,"Redragon S101 Gaming Keyboard, M601 Mouse, RGB Backlit Gaming Keyboard, Programmable Backlit Mouse, Value Combo Set [New Version]",2021-01,$31.63,5.0,Yes
B00NLZUM36,"Redragon S101 Gaming Keyboard, M601 Mouse, RGB Backlit Gaming Keyboard, Programmable Backlit Mouse, Value Combo Set [New Version]",2021-02,$27.52,5.0,Yes
B00NLZUM36,"Redragon S101 Gaming Keyboard, M601 Mouse, RGB Backlit Gaming Keyboard, Programmable Backlit Mouse, Value Combo Set [New Version]",2021-03,$27.87,4.7,Yes
B00NLZUM36,"Redragon S101 Gaming Keyboard, M601 Mouse, RGB Backlit Gaming Keyboard, Programmable Backlit Mouse, Value Combo Set [New Version]",2021-04,$29.42,5.0,Yes
B00NLZUM36,"Redragon S101 Gaming Keyboard, M601 Mouse, RGB Backlit Gaming Keyboard, Programmable Backlit Mouse, Value Combo Set [New Version]",2021-05,$30.77,4.8,Yes
B00NLZUM36,"Redragon S101 Gaming Keyboard, M601 Mouse, RGB Backlit Gaming Keyboard, Programmable Backlit Mouse, Value Combo Set [New Version]",2021-06,$30.08,4.6,Yes
B00NLZUM36,"Redragon S101 Gaming Keyboard, M601 Mouse, RGB Backlit Gaming Keyboard, Programmable Backlit Mouse, Value Combo Set [New Version]",2021-07,$29.70,5.0,Yes
B00NLZUM36,"Redragon S101 Gaming Keyboard, M601 Mouse, RGB Backlit Gaming Keyboard, Programmable Backlit Mouse, Value Combo Set [New Version]",2021-08,$28.64,5.0,Yes
B00NLZUM36,"Redragon S101 Gaming Keyboard, M601 Mouse, RGB Backlit Gaming Keyboard, Programmable Backlit Mouse, Value Combo Set [New Version]",2021-09,$29.89,5.0,Yes
B00NLZUM36,"Redragon S101 Gaming Keyboard, M601 Mouse, RGB Backlit Gaming Keyboard, Programmable Backlit Mouse, Value Combo Set [New Version]",2021-10,$31.58,5.0,Yes
B00NLZUM36,"Redragon S101 Gaming Keyboard, M601 Mouse, RGB Backlit Gaming Keyboard, Programmable Backlit Mouse, Value Combo Set [New Version]",2021-11,$28.87,5.0,Yes
B00NLZUM36,"Redragon S101 Gaming Keyboard, M601 Mouse, RGB Backlit Gaming Keyboard, Programmable Backlit Mouse, Value Combo Set [New Version]",2021-12,$29.92,4.8,Yes
B00NLZUM36,"Redragon S101 Gaming Keyboard, M601 Mouse, RGB Backlit Gaming Keyboard, Programmable Backlit Mouse, Value Combo Set [New Version]",2022-01,$30.64,5.0,Yes
B00NLZUM36,"Redragon S101 Gaming Keyboard, M601 Mouse, RGB Backlit Gaming Keyboard, Programmable Backlit Mouse, Value Combo Set [New Version]",2022-02,$29.60,4.8,Yes
B00NLZUM36,"Redragon S101 Gaming Keyboard, M601 Mouse, RGB Backlit Gaming Keyboard, Programmable Backlit Mouse, Value Combo Set [New Version]",2022-03,$30.74,4.7,Yes
B00NLZUM36,"Redragon S101 Gaming Keyboard, M601 Mouse, RGB Backlit Gaming Keyboard, Programmable Backlit Mouse, Value Combo Set [New Version]",2022-04,$30.45,5.0,Yes
B00NLZUM36,"Redragon S101 Gaming Keyboard, M601 Mouse, RGB Backlit Gaming Keyboard, Programmable Backlit Mouse, Value Combo Set [New Version]",2022-05,$27.13,5.0,Yes
B00NLZUM36,"Redragon S101 Gaming Keyboard, M601 Mouse, RGB Backlit Gaming Keyboard, Programmable Backlit Mouse, Value Combo Set [New Version]",2022-06,$28.80,5.0,Yes
B00NLZUM36,"Redragon S101 Gaming Keyboard, M601 Mouse, RGB Backlit Gaming Keyboard, Programmable Backlit Mouse, Value Combo Set [New Version]",2022-07,$32.47,4.9,Yes
B00NLZUM36,"Redragon S101 Gaming Keyboard, M601 Mouse, RGB Backlit Gaming Keyboard, Programmable Backlit Mouse, Value Combo Set [New Version]",2022-08,$28.71,5.0,Yes
B00NLZUM36,"Redragon S101 Gaming Keyboard, M601 Mouse, RGB Backlit Gaming Keyboard, Programmable Backlit Mouse, Value Combo Set [New Version]",2022-09,$32.96,5.0,Yes
B00NLZUM36,"Redragon S101 Gaming Keyboard, M601 Mouse, RGB Backlit Gaming Keyboard, Programmable Backlit Mouse, Value Combo Set [New Version]",2022-10,$32.74,5.0,Yes
B00NLZUM36,"Redragon S101 Gaming Keyboard, M601 Mouse, RGB Backlit Gaming Keyboard, Programmable Backlit Mouse, Value Combo Set [New Version]",2022-11,$32.77,4.8,Yes
B00NLZUM36,"Redragon S101 Gaming Keyboard, M601 Mouse, RGB Backlit Gaming Keyboard, Programmable Backlit Mouse, Value Combo Set [New Version]",2022-12,$31.66,4.7,Yes
B00NLZUM36,"Redragon S101 Gaming Keyboard, M601 Mouse, RGB Backlit Gaming Keyboard, Programmable Backlit Mouse, Value Combo Set [New Version]",2023-01,$32.05,5.0,Yes
B00NLZUM36,"Redragon S101 Gaming Keyboard, M601 Mouse, RGB Backlit Gaming Keyboard, Programmable Backlit Mouse, Value Combo Set [New Version]",2023-02,$28.36,5.0,Yes
B00NLZUM36,"Redragon S101 Gaming Keyboard, M601 Mouse, RGB Backlit Gaming Keyboard, Programmable Backlit Mouse, Value Combo Set [New Version]",2023-03,$32.47,5.0,Yes
B00NLZUM36,"Redragon S101 Gaming Keyboard, M601 Mouse, RGB Backlit Gaming Keyboard, Programmable Backlit Mouse, Value Combo Set [New Version]",2023-04,$28.71,4.9,Yes
B00NLZUM36,"Redragon S101 Gaming Keyboard, M601 Mouse, RGB Backlit Gaming Keyboard, Programmable Backlit Mouse, Value Combo Set [New Version]",2023-05,$32.20,5.0,Yes
B00NLZUM36,"Redragon S101 Gaming Keyboard, M601 Mouse, RGB Backlit Gaming Keyboard, Programmable Backlit Mouse, Value Combo Set [New Version]",2023-06,$28.82,5.0,Yes
B00NLZUM36,"Redragon S101 Gaming Keyboard, M601 Mouse, RGB Backlit Gaming Keyboard, Programmable Backlit Mouse, Value Combo Set [New Version]",2023-07,$30.09,5.0,Yes
B00NLZUM36,"Redragon S101 Gaming Keyboard, M601 Mouse, RGB Backlit Gaming Keyboard, Programmable Backlit Mouse, Value Combo Set [New Version]",2023-08,$31.76,5.0,Yes
B00NLZUM36,"Redragon S101 Gaming Keyboard, M601 Mouse, RGB Backlit Gaming Keyboard, Programmable Backlit Mouse, Value Combo Set [New Version]",2023-09,$30.21,5.0,Yes
B00NLZUM36,"Redragon S101 Gaming Keyboard, M601 Mouse, RGB Backlit Gaming Keyboard, Programmable Backlit Mouse, Value Combo Set [New Version]",2023-10,$27.35,5.0,Yes
B00NLZUM36,"Redragon S101 Gaming Keyboard, M601 Mouse, RGB Backlit Gaming Keyboard, Programmable Backlit Mouse, Value Combo Set [New Version]",2023-11,$31.96,5.0,Yes
B00NLZUM36,"Redragon S101 Gaming Keyboard, M601 Mouse, RGB Backlit Gaming Keyboard, Programmable Backlit Mouse, Value Combo Set [New Version]",2023-12,$27.78,5.0,Yes
B00NLZUM36,"Redragon S101 Gaming Keyboard, M601 Mouse, RGB Backlit Gaming Keyboard, Programmable Backlit Mouse, Value Combo Set [New Version]",2024-01,$30.30,5.0,Yes
B00NLZUM36,"Redragon S101 Gaming Keyboard, M601 Mouse, RGB Backlit Gaming Keyboard, Programmable Backlit Mouse, Value Combo Set [New Version]",2024-02,$31.55,5.0,Yes
B00NLZUM36,"Redragon S101 Gaming Keyboard, M601 Mouse, RGB Backlit Gaming Keyboard, Programmable Backlit Mouse, Value Combo Set [New Version]",2024-03,$30.24,5.0,Yes
B00NLZUM36,"Redragon S101 Gaming Keyboard, M601 Mouse, RGB Backlit Gaming Keyboard, Programmable Backlit Mouse, Value Combo Set [New Version]",2024-04,$31.62,4.5,Yes
B00NLZUM36,"Redragon S101 Gaming Keyboard, M601 Mouse, RGB Backlit Gaming Keyboard, Programmable Backlit Mouse, Value Combo Set [New Version]",2024-05,$28.09,5.0,Yes
B00NLZUM36,"Redragon S101 Gaming Keyboard, M601 Mouse, RGB Backlit Gaming Keyboard, Programmable Backlit Mouse, Value Combo Set [New Version]",2024-06,$28.96,4.5,Yes
B00NLZUM36,"Redragon S101 Gaming Keyboard, M601 Mouse, RGB Backlit Gaming Keyboard, Programmable Backlit Mouse, Value Combo Set [New Version]",2024-07,$27.25,5.0,Yes
B00NLZUM36,"Redragon S101 Gaming Keyboard, M601 Mouse, RGB Backlit Gaming Keyboard, Programmable Backlit Mouse, Value Combo Set [New Version]",2024-08,$32.86,5.0,Yes
B00NLZUM36,"Redragon S101 Gaming Keyboard, M601 Mouse, RGB Backlit Gaming Keyboard, Programmable Backlit Mouse, Value Combo Set [New Version]",2024-09,$28.50,5.0,Yes
B00NLZUM36,"Redragon S101 Gaming Keyboard, M601 Mouse, RGB Backlit Gaming Keyboard, Programmable Backlit Mouse, Value Combo Set [New Version]",2024-10,$31.10,5.0,Yes
B00NLZUM36,"Redragon S101 Gaming Keyboard, M601 Mouse, RGB Backlit Gaming Keyboard, Programmable Backlit Mouse, Value Combo Set [New Version]",2024-11,$29.28,5.0,Yes
B00NLZUM36,"Redragon S101 Gaming Keyboard, M601 Mouse, RGB Backlit Gaming Keyboard, Programmable Backlit Mouse, Value Combo Set [New Version]",2024-12,$28.74,4.9,Yes
B07VJRZ62R,Nintendo Switch with Gray Joy‑Con - HAC-001(-01),2015-01,$30.68,5.0,No
B07VJRZ62R,Nintendo Switch with Gray Joy‑Con - HAC-001(-01),2015-02,$31.63,4.9,No
B07VJRZ62R,Nintendo Switch with Gray Joy‑Con - HAC-001(-01),2015-03,$32.15,5.0,No
B07VJRZ62R,Nintendo Switch with Gray Joy‑Con - HAC-001(-01),2015-04,$30.42,4.9,No
B07VJRZ62R,Nintendo Switch with Gray Joy‑Con - HAC-001(-01),2015-05,$27.96,5.0,No
B07VJRZ62R,Nintendo Switch with Gray Joy‑Con - HAC-001(-01),2015-06,$30.43,5.0,No
B07VJRZ62R,Nintendo Switch with Gray Joy‑Con - HAC-001(-01),2015-07,$30.43,4.6,No
B07VJRZ62R,Nintendo Switch with Gray Joy‑Con - HAC-001(-01),2015-08,$32.66,4.7,No
B07VJRZ62R,Nintendo Switch with Gray Joy‑Con - HAC-001(-01),2015-09,$28.19,5.0,No
B07VJRZ62R,Nintendo Switch with Gray Joy‑Con - HAC-001(-01),2015-10,$32.08,5.0,No
B07VJRZ62R,Nintendo Switch with Gray Joy‑Con - HAC-001(-01),2015-11,$26.99,5.0,No
B07VJRZ62R,Nintendo Switch with Gray Joy‑Con - HAC-001(-01),2015-12,$28.52,4.7,No
B07VJRZ62R,Nintendo Switch with Gray Joy‑Con - HAC-001(-01),2016-01,$27.72,5.0,No
B07VJRZ62R,Nintendo Switch with Gray Joy‑Con - HAC-001(-01),2016-02,$27.45,5.0,No
B07VJRZ62R,Nintendo Switch with Gray Joy‑Con - HAC-001(-01),2016-03,$29.34,5.0,No
B07VJRZ62R,Nintendo Switch with Gray Joy‑Con - HAC-001(-01),2016-04,$31.23,5.0,No
B07VJRZ62R,Nintendo Switch with Gray Joy‑Con - HAC-001(-01),2016-05,$29.41,5.0,No
B07VJRZ62R,Nintendo Switch with Gray Joy‑Con - HAC-001(-01),2016-06,$32.75,4.9,No
B07VJRZ62R,Nintendo Switch with Gray Joy‑Con - HAC-001(-01),2016-07,$30.34,4.7,No
B07VJRZ62R,Nintendo Switch with Gray Joy‑Con - HAC-001(-01),2016-08,$29.84,4.5,No
B07VJRZ62R,Nintendo Switch with Gray Joy‑Con - HAC-001(-01),2016-09,$29.10,5.0,No
B07VJRZ62R,Nintendo Switch with Gray Joy‑Con - HAC-001(-01),2016-10,$27.51,5.0,No
B07VJRZ62R,Nintendo Switch with Gray Joy‑Con - HAC-001(-01),2016-11,$32.08,4.9,No
B07VJRZ62R,Nintendo Switch with Gray Joy‑Con - HAC-001(-01),2016-12,$29.53,4.5,No
B07VJRZ62R,Nintendo Switch with Gray Joy‑Con - HAC-001(-01),2017-01,$28.59,5.0,No
B07VJRZ62R,Nintendo Switch with Gray Joy‑Con - HAC-001(-01),2017-02,$29.25,5.0,No
B07VJRZ62R,Nintendo Switch with Gray Joy‑Con - HAC-001(-01),2017-03,$28.07,4.8,No
B07VJRZ62R,Nintendo Switch with Gray Joy‑Con - HAC-001(-01),2017-04,$28.35,5.0,No
B07VJRZ62R,Nintendo Switch with Gray Joy‑Con - HAC-001(-01),2017-05,$28.25,5.0,No
B07VJRZ62R,Nintendo Switch with Gray Joy‑Con - HAC-001(-01),2017-06,$32.86,4.9,No
B07VJRZ62R,Nintendo Switch with Gray Joy‑Con - HAC-001(-01),2017-07,$28.32,5.0,No
B07VJRZ62R,Nintendo Switch with Gray Joy‑Con - HAC-001(-01),2017-08,$28.73,5.0,No
B07VJRZ62R,Nintendo Switch with Gray Joy‑Con - HAC-001(-01),2017-09,$29.87,4.9,No
B07VJRZ62R,Nintendo Switch with Gray Joy‑Con - HAC-001(-01),2017-10,$31.29,5.0,No
B07VJRZ62R,Nintendo Switch with Gray Joy‑Con - HAC-001(-01),2017-11,$27.21,4.7,No
B07VJRZ62R,Nintendo Switch with Gray Joy‑Con - HAC-001(-01),2017-12,$29.68,4.7,No
B07VJRZ62R,Nintendo Switch with Gray Joy‑Con - HAC-001(-01),2018-01,$28.68,4.8,No
B07VJRZ62R,Nintendo Switch with Gray Joy‑Con - HAC-001(-01),2018-02,$27.18,4.9,No
B07VJRZ62R,Nintendo Switch with Gray Joy‑Con - HAC-001(-01),2018-03,$32.64,4.6,No
B07VJRZ62R,Nintendo Switch with Gray Joy‑Con - HAC-001(-01),2018-04,$31.33,4.8,No
B07VJRZ62R,Nintendo Switch with Gray Joy‑Con - HAC-001(-01),2018-05,$32.02,4.8,No
B07VJRZ62R,Nintendo Switch with Gray Joy‑Con - HAC-001(-01),2018-06,$32.61,4.5,No
B07VJRZ62R,Nintendo Switch with Gray Joy‑Con - HAC-001(-01),2018-07,$28.15,4.8,No
B07VJRZ62R,Nintendo Switch with Gray Joy‑Con - HAC-001(-01),2018-08,$32.62,5.0,No
B07VJRZ62R,Nintendo Switch with Gray Joy‑Con - HAC-001(-01),2018-09,$29.63,5.0,No
B07VJRZ62R,Nintendo Switch with Gray Joy‑Con - HAC-001(-01),2018-10,$32.23,4.9,No
B07VJRZ62R,Nintendo Switch with Gray Joy‑Con - HAC-001(-01),2018-11,$30.27,4.8,No
B07VJRZ62R,Nintendo Switch with Gray Joy‑Con - HAC-001(-01),2018-12,$29.36,5.0,No
B07VJRZ62R,Nintendo Switch with Gray Joy‑Con - HAC-001(-01),2019-01,$27.30,4.6,No
B07VJRZ62R,Nintendo Switch with Gray Joy‑Con - HAC-001(-01),2019-02,$32.40,5.0,No
B07VJRZ62R,Nintendo Switch with Gray Joy‑Con - HAC-001(-01),2019-03,$27.55,4.7,No
B07VJRZ62R,Nintendo Switch with Gray Joy‑Con - HAC-001(-01),2019-04,$30.81,5.0,No
B07VJRZ62R,Nintendo Switch with Gray Joy‑Con - HAC-001(-01),2019-05,$31.14,5.0,No
B07VJRZ62R,Nintendo Switch with Gray Joy‑Con - HAC-001(-01),2019-06,$31.34,4.8,No
B07VJRZ62R,Nintendo Switch with Gray Joy‑Con - HAC-001(-01),2019-07,$27.42,4.9,No
B07VJRZ62R,Nintendo Switch with Gray Joy‑Con - HAC-001(-01),2019-08,$27.17,5.0,No
B07VJRZ62R,Nintendo Switch with Gray Joy‑Con - HAC-001(-01),2019-09,$31.13,4.7,No
B07VJRZ62R,Nintendo Switch with Gray Joy‑Con - HAC-001(-01),2019-10,$29.03,4.7,No
B07VJRZ62R,Nintendo Switch with Gray Joy‑Con - HAC-001(-01),2019-11,$27.29,4.6,No
B07VJRZ62R,Nintendo Switch with Gray Joy‑Con - HAC-001(-01),2019-12,$28.75,5.0,No
B07VJRZ62R,Nintendo Switch with Gray Joy‑Con - HAC-001(-01),2020-01,$29.23,5.0,No
B07VJRZ62R,Nintendo Switch with Gray Joy‑Con - HAC-001(-01),2020-02,$31.71,5.0,No
B07VJRZ62R,Nintendo Switch with Gray Joy‑Con - HAC-001(-01),2020-03,$28.94,5.0,No
B07VJRZ62R,Nintendo Switch with Gray Joy‑Con - HAC-001(-01),2020-04,$28.29,5.0,No
B07VJRZ62R,Nintendo Switch with Gray Joy‑Con - HAC-001(-01),2020-05,$27.89,5.0,No
B07VJRZ62R,Nintendo Switch with Gray Joy‑Con - HAC-001(-01),2020-06,$29.86,5.0,No
B07VJRZ62R,Nintendo Switch with Gray Joy‑Con - HAC-001(-01),2020-07,$29.97,4.6,No
B07VJRZ62R,Nintendo Switch with Gray Joy‑Con - HAC-001(-01),2020-08,$31.11,5.0,No
B07VJRZ62R,Nintendo Switch with Gray Joy‑Con - HAC-001(-01),2020-09,$32.28,4.8,No
B07VJRZ62R,Nintendo Switch with Gray Joy‑Con - HAC-001(-01),2020-10,$29.82,5.0,No
B07VJRZ62R,Nintendo Switch with Gray Joy‑Con - HAC-001(-01),2020-11,$32.91,4.5,No
B07VJRZ62R,Nintendo Switch with Gray Joy‑Con - HAC-001(-01),2020-12,$30.07,4.6,No
B07VJRZ62R,Nintendo Switch with Gray Joy‑Con - HAC-001(-01),2021-01,$30.70,5.0,No
B07VJRZ62R,Nintendo Switch with Gray Joy‑Con - HAC-001(-01),2021-02,$31.25,4.8,No
B07VJRZ62R,Nintendo Switch with Gray Joy‑Con - HAC-001(-01),2021-03,$27.55,5.0,No
B07VJRZ62R,Nintendo Switch with Gray Joy‑Con - HAC-001(-01),2021-04,$30.75,4.5,No
B07VJRZ62R,Nintendo Switch with Gray Joy‑Con - HAC-001(-01),2021-05,$32.82,4.9,No
B07VJRZ62R,Nintendo Switch with Gray Joy‑Con - HAC-001(-01),2021-06,$28.54,5.0,No
B07VJRZ62R,Nintendo Switch with Gray Joy‑Con - HAC-001(-01),2021-07,$32.95,4.8,No
B07VJRZ62R,Nintendo Switch with Gray Joy‑Con - HAC-001(-01),2021-08,$31.65,4.7,No
B07VJRZ62R,Nintendo Switch with Gray Joy‑Con - HAC-001(-01),2021-09,$28.69,5.0,No
B07VJRZ62R,Nintendo Switch with Gray Joy‑Con - HAC-001(-01),2021-10,$27.66,5.0,No
B07VJRZ62R,Nintendo Switch with Gray Joy‑Con - HAC-001(-01),2021-11,$29.92,4.7,No
B07VJRZ62R,Nintendo Switch with Gray Joy‑Con - HAC-001(-01),2021-12,$32.72,5.0,No
B07VJRZ62R,Nintendo Switch with Gray Joy‑Con - HAC-001(-01),2022-01,$28.08,5.0,No
B07VJRZ62R,Nintendo Switch with Gray Joy‑Con - HAC-001(-01),2022-02,$29.07,4.8,No
B07VJRZ62R,Nintendo Switch with Gray Joy‑Con - HAC-001(-01),2022-03,$30.34,5.0,No
B07VJRZ62R,Nintendo Switch with Gray Joy‑Con - HAC-001(-01),2022-04,$29.61,5.0,No
B07VJRZ62R,Nintendo Switch with Gray Joy‑Con - HAC-001(-01),2022-05,$27.30,5.0,No
B07VJRZ62R,Nintendo Switch with Gray Joy‑Con - HAC-001(-01),2022-06,$30.73,5.0,No
B07VJRZ62R,Nintendo Switch with Gray Joy‑Con - HAC-001(-01),2022-07,$32.18,5.0,No
B07VJRZ62R,Nintendo Switch with Gray Joy‑Con - HAC-001(-01),2022-08,$32.25,5.0,No
B07VJRZ62R,Nintendo Switch with Gray Joy‑Con - HAC-001(-01),2022-09,$30.78,4.6,No
B07VJRZ62R,Nintendo Switch with Gray Joy‑Con - HAC-001(-01),2022-10,$32.66,4.6,No
B07VJRZ62R,Nintendo Switch with Gray Joy‑Con - HAC-001(-01),2022-11,$29.40,5.0,No
B07VJRZ62R,Nintendo Switch with Gray Joy‑Con - HAC-001(-01),2022-12,$29.59,5.0,No
B07VJRZ62R,Nintendo Switch with Gray Joy‑Con - HAC-001(-01),2023-01,$28.55,4.6,No
B07VJRZ62R,Nintendo Switch with Gray Joy‑Con - HAC-001(-01),2023-02,$28.98,5.0,No
B07VJRZ62R,Nintendo Switch with Gray Joy‑Con - HAC-001(-01),2023-03,$28.98,5.0,No
B07VJRZ62R,Nintendo Switch with Gray Joy‑Con - HAC-001(-01),2023-04,$28.21,5.0,No
B07VJRZ62R,Nintendo Switch with Gray Joy‑Con - HAC-001(-01),2023-05,$29.04,4.6,No
B07VJRZ62R,Nintendo Switch with Gray Joy‑Con - HAC-001(-01),2023-06,$31.56,5.0,No
B07VJRZ62R,Nintendo Switch with Gray Joy‑Con - HAC-001(-01),2023-07,$28.77,5.0,No
B07VJRZ62R,Nintendo Switch with Gray Joy‑Con - HAC-001(-01),2023-08,$30.27,5.0,No
B07VJRZ62R,Nintendo Switch with Gray Joy‑Con - HAC-001(-01),2023-09,$27.84,5.0,No
B07VJRZ62R,Nintendo Switch with Gray Joy‑Con - HAC-001(-01),2023-10,$28.06,5.0,No
B07VJRZ62R,Nintendo Switch with Gray Joy‑Con - HAC-001(-01),2023-11,$28.45,5.0,No
B07VJRZ62R,Nintendo Switch with Gray Joy‑Con - HAC-001(-01),2023-12,$30.71,5.0,No
B07VJRZ62R,Nintendo Switch with Gray Joy‑Con - HAC-001(-01),2024-01,$29.94,4.7,No
B07VJRZ62R,Nintendo Switch with Gray Joy‑Con - HAC-001(-01),2024-02,$28.14,4.9,No
B07VJRZ62R,Nintendo Switch with Gray Joy‑Con - HAC-001(-01),2024-03,$27.88,5.0,No
B07VJRZ62R,Nintendo Switch with Gray Joy‑Con - HAC-001(-01),2024-04,$28.89,4.6,No
B07VJRZ62R,Nintendo Switch with Gray Joy‑Con - HAC-001(-01),2024-05,$30.49,5.0,No
B07VJRZ62R,Nintendo Switch with Gray Joy‑Con - HAC-001(-01),2024-06,$29.46,5.0,No
B07VJRZ62R,Nintendo Switch with Gray Joy‑Con - HAC-001(-01),2024-07,$32.47,4.5,No
B07VJRZ62R,Nintendo Switch with Gray Joy‑Con - HAC-001(-01),2024-08,$29.78,4.8,No
B07VJRZ62R,Nintendo Switch with Gray Joy‑Con - HAC-001(-01),2024-09,$28.53,4.9,No
B07VJRZ62R,Nintendo Switch with Gray Joy‑Con - HAC-001(-01),2024-10,$29.06,5.0,No
B07VJRZ62R,Nintendo Switch with Gray Joy‑Con - HAC-001(-01),2024-11,$29.71,5.0,No
B07VJRZ62R,Nintendo Switch with Gray Joy‑Con - HAC-001(-01),2024-12,$29.89,5.0,No
B07S85TPLG,"Ninja FD401 LP3 Foodi 12-in-1 Deluxe XL 8 qt. Pressure Cooker & Air Fryer that Steams, Slow Cooks, Sears, Sautés, Dehydrates & More, with 5 qt. Crisper Basket, Reversible Rack & Recipe Book, Silver",2015-01,$27.75,4.6,No
B07S85TPLG,"Ninja FD401 LP3 Foodi 12-in-1 Deluxe XL 8 qt. Pressure Cooker & Air Fryer that Steams, Slow Cooks, Sears, Sautés, Dehydrates & More, with 5 qt. Crisper Basket, Reversible Rack & Recipe Book, Silver",2015-02,$30.58,4.5,No
B07S85TPLG,"Ninja FD401 LP3 Foodi 12-in-1 Deluxe XL 8 qt. Pressure Cooker & Air Fryer that Steams, Slow Cooks, Sears, Sautés, Dehydrates & More, with 5 qt. Crisper Basket, Reversible Rack & Recipe Book, Silver",2015-03,$29.92,5.0,No
B07S85TPLG,"Ninja FD401 LP3 Foodi 12-in-1 Deluxe XL 8 qt. Pressure Cooker & Air Fryer that Steams, Slow Cooks, Sears, Sautés, Dehydrates & More, with 5 qt. Crisper Basket, Reversible Rack & Recipe Book, Silver",2015-04,$29.32,5.0,No
B07S85TPLG,"Ninja FD401 LP3 Foodi 12-in-1 Deluxe XL 8 qt. Pressure Cooker & Air Fryer that Steams, Slow Cooks, Sears, Sautés, Dehydrates & More, with 5 qt. Crisper Basket, Reversible Rack & Recipe Book, Silver",2015-05,$27.86,5.0,No
B07S85TPLG,"Ninja FD401 LP3 Foodi 12-in-1 Deluxe XL 8 qt. Pressure Cooker & Air Fryer that Steams, Slow Cooks, Sears, Sautés, Dehydrates & More, with 5 qt. Crisper Basket, Reversible Rack & Recipe Book, Silver",2015-06,$28.85,4.8,No
B07S85TPLG,"Ninja FD401 LP3 Foodi 12-in-1 Deluxe XL 8 qt. Pressure Cooker & Air Fryer that Steams, Slow Cooks, Sears, Sautés, Dehydrates & More, with 5 qt. Crisper Basket, Reversible Rack & Recipe Book, Silver",2015-07,$27.72,4.5,No
B07S85TPLG,"Ninja FD401 LP3 Foodi 12-in-1 Deluxe XL 8 qt. Pressure Cooker & Air Fryer that Steams, Slow Cooks, Sears, Sautés, Dehydrates & More, with 5 qt. Crisper Basket, Reversible Rack & Recipe Book, Silver",2015-08,$28.45,5.0,No
B07S85TPLG,"Ninja FD401 LP3 Foodi 12-in-1 Deluxe XL 8 qt. Pressure Cooker & Air Fryer that Steams, Slow Cooks, Sears, Sautés, Dehydrates & More, with 5 qt. Crisper Basket, Reversible Rack & Recipe Book, Silver",2015-09,$29.37,4.8,No
B07S85TPLG,"Ninja FD401 LP3 Foodi 12-in-1 Deluxe XL 8 qt. Pressure Cooker & Air Fryer that Steams, Slow Cooks, Sears, Sautés, Dehydrates & More, with 5 qt. Crisper Basket, Reversible Rack & Recipe Book, Silver",2015-10,$27.81,4.5,No
B07S85TPLG,"Ninja FD401 LP3 Foodi 12-in-1 Deluxe XL 8 qt. Pressure Cooker & Air Fryer that Steams, Slow Cooks, Sears, Sautés, Dehydrates & More, with 5 qt. Crisper Basket, Reversible Rack & Recipe Book, Silver",2015-11,$32.04,4.6,No
B07S85TPLG,"Ninja FD401 LP3 Foodi 12-in-1 Deluxe XL 8 qt. Pressure Cooker & Air Fryer that Steams, Slow Cooks, Sears, Sautés, Dehydrates & More, with 5 qt. Crisper Basket, Reversible Rack & Recipe Book, Silver",2015-12,$32.47,5.0,No
B07S85TPLG,"Ninja FD401 LP3 Foodi 12-in-1 Deluxe XL 8 qt. Pressure Cooker & Air Fryer that Steams, Slow Cooks, Sears, Sautés, Dehydrates & More, with 5 qt. Crisper Basket, Reversible Rack & Recipe Book, Silver",2016-01,$31.45,5.0,No
B07S85TPLG,"Ninja FD401 LP3 Foodi 12-in-1 Deluxe XL 8 qt. Pressure Cooker & Air Fryer that Steams, Slow Cooks, Sears, Sautés, Dehydrates & More, with 5 qt. Crisper Basket, Reversible Rack & Recipe Book, Silver",2016-02,$30.14,4.9,No
B07S85TPLG,"Ninja FD401 LP3 Foodi 12-in-1 Deluxe XL 8 qt. Pressure Cooker & Air Fryer that Steams, Slow Cooks, Sears, Sautés, Dehydrates & More, with 5 qt. Crisper Basket, Reversible Rack & Recipe Book, Silver",2016-03,$29.50,5.0,No
B07S85TPLG,"Ninja FD401 LP3 Foodi 12-in-1 Deluxe XL 8 qt. Pressure Cooker & Air Fryer that Steams, Slow Cooks, Sears, Sautés, Dehydrates & More, with 5 qt. Crisper Basket, Reversible Rack & Recipe Book, Silver",2016-04,$30.43,5.0,No
B07S85TPLG,"Ninja FD401 LP3 Foodi 12-in-1 Deluxe XL 8 qt. Pressure Cooker & Air Fryer that Steams, Slow Cooks, Sears, Sautés, Dehydrates & More, with 5 qt. Crisper Basket, Reversible Rack & Recipe Book, Silver",2016-05,$27.27,5.0,No
B07S85TPLG,"Ninja FD401 LP3 Foodi 12-in-1 Deluxe XL 8 qt. Pressure Cooker & Air Fryer that Steams, Slow Cooks, Sears, Sautés, Dehydrates & More, with 5 qt. Crisper Basket, Reversible Rack & Recipe Book, Silver",2016-06,$27.94,5.0,No
B07S85TPLG,"Ninja FD401 LP3 Foodi 12-in-1 Deluxe XL 8 qt. Pressure Cooker & Air Fryer that Steams, Slow Cooks, Sears, Sautés, Dehydrates & More, with 5 qt. Crisper Basket, Reversible Rack & Recipe Book, Silver",2016-07,$31.70,4.9,No
B07S85TPLG,"Ninja FD401 LP3 Foodi 12-in-1 Deluxe XL 8 qt. Pressure Cooker & Air Fryer that Steams, Slow Cooks, Sears, Sautés, Dehydrates & More, with 5 qt. Crisper Basket, Reversible Rack & Recipe Book, Silver",2016-08,$29.56,5.0,No
B07S85TPLG,"Ninja FD401 LP3 Foodi 12-in-1 Deluxe XL 8 qt. Pressure Cooker & Air Fryer that Steams, Slow Cooks, Sears, Sautés, Dehydrates & More, with 5 qt. Crisper Basket, Reversible Rack & Recipe Book, Silver",2016-09,$28.68,5.0,No
B07S85TPLG,"Ninja FD401 LP3 Foodi 12-in-1 Deluxe XL 8 qt. Pressure Cooker & Air Fryer that Steams, Slow Cooks, Sears, Sautés, Dehydrates & More, with 5 qt. Crisper Basket, Reversible Rack & Recipe Book, Silver",2016-10,$30.67,5.0,No
B07S85TPLG,"Ninja FD401 LP3 Foodi 12-in-1 Deluxe XL 8 qt. Pressure Cooker & Air Fryer that Steams, Slow Cooks, Sears, Sautés, Dehydrates & More, with 5 qt. Crisper Basket, Reversible Rack & Recipe Book, Silver",2016-11,$29.26,4.9,No
B07S85TPLG,"Ninja FD401 LP3 Foodi 12-in-1 Deluxe XL 8 qt. Pressure Cooker & Air Fryer that Steams, Slow Cooks, Sears, Sautés, Dehydrates & More, with 5 qt. Crisper Basket, Reversible Rack & Recipe Book, Silver",2016-12,$29.26,4.7,No
B07S85TPLG,"Ninja FD401 LP3 Foodi 12-in-1 Deluxe XL 8 qt. Pressure Cooker & Air Fryer that Steams, Slow Cooks, Sears, Sautés, Dehydrates & More, with 5 qt. Crisper Basket, Reversible Rack & Recipe Book, Silver",2017-01,$30.22,5.0,No
B07S85TPLG,"Ninja FD401 LP3 Foodi 12-in-1 Deluxe XL 8 qt. Pressure Cooker & Air Fryer that Steams, Slow Cooks, Sears, Sautés, Dehydrates & More, with 5 qt. Crisper Basket, Reversible Rack & Recipe Book, Silver",2017-02,$27.83,4.7,No
B07S85TPLG,"Ninja FD401 LP3 Foodi 12-in-1 Deluxe XL 8 qt. Pressure Cooker & Air Fryer that Steams, Slow Cooks, Sears, Sautés, Dehydrates & More, with 5 qt. Crisper Basket, Reversible Rack & Recipe Book, Silver",2017-03,$27.96,5.0,No
B07S85TPLG,"Ninja FD401 LP3 Foodi 12-in-1 Deluxe XL 8 qt. Pressure Cooker & Air Fryer that Steams, Slow Cooks, Sears, Sautés, Dehydrates & More, with 5 qt. Crisper Basket, Reversible Rack & Recipe Book, Silver",2017-04,$28.65,5.0,No
B07S85TPLG,"Ninja FD401 LP3 Foodi 12-in-1 Deluxe XL 8 qt. Pressure Cooker & Air Fryer that Steams, Slow Cooks, Sears, Sautés, Dehydrates & More, with 5 qt. Crisper Basket, Reversible Rack & Recipe Book, Silver",2017-05,$30.16,4.9,No
B07S85TPLG,"Ninja FD401 LP3 Foodi 12-in-1 Deluxe XL 8 qt. Pressure Cooker & Air Fryer that Steams, Slow Cooks, Sears, Sautés, Dehydrates & More, with 5 qt. Crisper Basket, Reversible Rack & Recipe Book, Silver",2017-06,$31.22,5.0,No
B07S85TPLG,"Ninja FD401 LP3 Foodi 12-in-1 Deluxe XL 8 qt. Pressure Cooker & Air Fryer that Steams, Slow Cooks, Sears, Sautés, Dehydrates & More, with 5 qt. Crisper Basket, Reversible Rack & Recipe Book, Silver",2017-07,$27.64,5.0,No
B07S85TPLG,"Ninja FD401 LP3 Foodi 12-in-1 Deluxe XL 8 qt. Pressure Cooker & Air Fryer that Steams, Slow Cooks, Sears, Sautés, Dehydrates & More, with 5 qt. Crisper Basket, Reversible Rack & Recipe Book, Silver",2017-08,$30.91,5.0,No
B07S85TPLG,"Ninja FD401 LP3 Foodi 12-in-1 Deluxe XL 8 qt. Pressure Cooker & Air Fryer that Steams, Slow Cooks, Sears, Sautés, Dehydrates & More, with 5 qt. Crisper Basket, Reversible Rack & Recipe Book, Silver",2017-09,$30.87,5.0,No
B07S85TPLG,"Ninja FD401 LP3 Foodi 12-in-1 Deluxe XL 8 qt. Pressure Cooker & Air Fryer that Steams, Slow Cooks, Sears, Sautés, Dehydrates & More, with 5 qt. Crisper Basket, Reversible Rack & Recipe Book, Silver",2017-10,$28.29,5.0,No
B07S85TPLG,"Ninja FD401 LP3 Foodi 12-in-1 Deluxe XL 8 qt. Pressure Cooker & Air Fryer that Steams, Slow Cooks, Sears, Sautés, Dehydrates & More, with 5 qt. Crisper Basket, Reversible Rack & Recipe Book, Silver",2017-11,$28.69,4.8,No
B07S85TPLG,"Ninja FD401 LP3 Foodi 12-in-1 Deluxe XL 8 qt. Pressure Cooker & Air Fryer that Steams, Slow Cooks, Sears, Sautés, Dehydrates & More, with 5 qt. Crisper Basket, Reversible Rack & Recipe Book, Silver",2017-12,$31.00,4.9,No
B07S85TPLG,"Ninja FD401 LP3 Foodi 12-in-1 Deluxe XL 8 qt. Pressure Cooker & Air Fryer that Steams, Slow Cooks, Sears, Sautés, Dehydrates & More, with 5 qt. Crisper Basket, Reversible Rack & Recipe Book, Silver",2018-01,$29.16,5.0,No
B07S85TPLG,"Ninja FD401 LP3 Foodi 12-in-1 Deluxe XL 8 qt. Pressure Cooker & Air Fryer that Steams, Slow Cooks, Sears, Sautés, Dehydrates & More, with 5 qt. Crisper Basket, Reversible Rack & Recipe Book, Silver",2018-02,$32.28,4.9,No
B07S85TPLG,"Ninja FD401 LP3 Foodi 12-in-1 Deluxe XL 8 qt. Pressure Cooker & Air Fryer that Steams, Slow Cooks, Sears, Sautés, Dehydrates & More, with 5 qt. Crisper Basket, Reversible Rack & Recipe Book, Silver",2018-03,$29.37,5.0,No
B07S85TPLG,"Ninja FD401 LP3 Foodi 12-in-1 Deluxe XL 8 qt. Pressure Cooker & Air Fryer that Steams, Slow Cooks, Sears, Sautés, Dehydrates & More, with 5 qt. Crisper Basket, Reversible Rack & Recipe Book, Silver",2018-04,$29.20,5.0,No
B07S85TPLG,"Ninja FD401 LP3 Foodi 12-in-1 Deluxe XL 8 qt. Pressure Cooker & Air Fryer that Steams, Slow Cooks, Sears, Sautés, Dehydrates & More, with 5 qt. Crisper Basket, Reversible Rack & Recipe Book, Silver",2018-05,$28.38,4.5,No
B07S85TPLG,"Ninja FD401 LP3 Foodi 12-in-1 Deluxe XL 8 qt. Pressure Cooker & Air Fryer that Steams, Slow Cooks, Sears, Sautés, Dehydrates & More, with 5 qt. Crisper Basket, Reversible Rack & Recipe Book, Silver",2018-06,$31.99,5.0,No
B07S85TPLG,"Ninja FD401 LP3 Foodi 12-in-1 Deluxe XL 8 qt. Pressure Cooker & Air Fryer that Steams, Slow Cooks, Sears, Sautés, Dehydrates & More, with 5 qt. Crisper Basket, Reversible Rack & Recipe Book, Silver",2018-07,$31.60,5.0,No
B07S85TPLG,"Ninja FD401 LP3 Foodi 12-in-1 Deluxe XL 8 qt. Pressure Cooker & Air Fryer that Steams, Slow Cooks, Sears, Sautés, Dehydrates & More, with 5 qt. Crisper Basket, Reversible Rack & Recipe Book, Silver",2018-08,$30.20,5.0,No
B07S85TPLG,"Ninja FD401 LP3 Foodi 12-in-1 Deluxe XL 8 qt. Pressure Cooker & Air Fryer that Steams, Slow Cooks, Sears, Sautés, Dehydrates & More, with 5 qt. Crisper Basket, Reversible Rack & Recipe Book, Silver",2018-09,$31.42,5.0,No
B07S85TPLG,"Ninja FD401 LP3 Foodi 12-in-1 Deluxe XL 8 qt. Pressure Cooker & Air Fryer that Steams, Slow Cooks, Sears, Sautés, Dehydrates & More, with 5 qt. Crisper Basket, Reversible Rack & Recipe Book, Silver",2018-10,$28.24,5.0,No
B07S85TPLG,"Ninja FD401 LP3 Foodi 12-in-1 Deluxe XL 8 qt. Pressure Cooker & Air Fryer that Steams, Slow Cooks, Sears, Sautés, Dehydrates & More, with 5 qt. Crisper Basket, Reversible Rack & Recipe Book, Silver",2018-11,$29.87,4.7,No
B07S85TPLG,"Ninja FD401 LP3 Foodi 12-in-1 Deluxe XL 8 qt. Pressure Cooker & Air Fryer that Steams, Slow Cooks, Sears, Sautés, Dehydrates & More, with 5 qt. Crisper Basket, Reversible Rack & Recipe Book, Silver",2018-12,$32.93,4.6,No
B07S85TPLG,"Ninja FD401 LP3 Foodi 12-in-1 Deluxe XL 8 qt. Pressure Cooker & Air Fryer that Steams, Slow Cooks, Sears, Sautés, Dehydrates & More, with 5 qt. Crisper Basket, Reversible Rack & Recipe Book, Silver",2019-01,$28.47,4.8,No
B07S85TPLG,"Ninja FD401 LP3 Foodi 12-in-1 Deluxe XL 8 qt. Pressure Cooker & Air Fryer that Steams, Slow Cooks, Sears, Sautés, Dehydrates & More, with 5 qt. Crisper Basket, Reversible Rack & Recipe Book, Silver",2019-02,$27.81,4.9,No
B07S85TPLG,"Ninja FD401 LP3 Foodi 12-in-1 Deluxe XL 8 qt. Pressure Cooker & Air Fryer that Steams, Slow Cooks, Sears, Sautés, Dehydrates & More, with 5 qt. Crisper Basket, Reversible Rack & Recipe Book, Silver",2019-03,$29.66,5.0,No
B07S85TPLG,"Ninja FD401 LP3 Foodi 12-in-1 Deluxe XL 8 qt. Pressure Cooker & Air Fryer that Steams, Slow Cooks, Sears, Sautés, Dehydrates & More, with 5 qt. Crisper Basket, Reversible Rack & Recipe Book, Silver",2019-04,$27.82,4.6,No
B07S85TPLG,"Ninja FD401 LP3 Foodi 12-in-1 Deluxe XL 8 qt. Pressure Cooker & Air Fryer that Steams, Slow Cooks, Sears, Sautés, Dehydrates & More, with 5 qt. Crisper Basket, Reversible Rack & Recipe Book, Silver",2019-05,$27.62,5.0,No
B07S85TPLG,"Ninja FD401 LP3 Foodi 12-in-1 Deluxe XL 8 qt. Pressure Cooker & Air Fryer that Steams, Slow Cooks, Sears, Sautés, Dehydrates & More, with 5 qt. Crisper Basket, Reversible Rack & Recipe Book, Silver",2019-06,$27.74,4.5,No
B07S85TPLG,"Ninja FD401 LP3 Foodi 12-in-1 Deluxe XL 8 qt. Pressure Cooker & Air Fryer that Steams, Slow Cooks, Sears, Sautés, Dehydrates & More, with 5 qt. Crisper Basket, Reversible Rack & Recipe Book, Silver",2019-07,$32.03,5.0,No
B07S85TPLG,"Ninja FD401 LP3 Foodi 12-in-1 Deluxe XL 8 qt. Pressure Cooker & Air Fryer that Steams, Slow Cooks, Sears, Sautés, Dehydrates & More, with 5 qt. Crisper Basket, Reversible Rack & Recipe Book, Silver",2019-08,$27.26,5.0,No
B07S85TPLG,"Ninja FD401 LP3 Foodi 12-in-1 Deluxe XL 8 qt. Pressure Cooker & Air Fryer that Steams, Slow Cooks, Sears, Sautés, Dehydrates & More, with 5 qt. Crisper Basket, Reversible Rack & Recipe Book, Silver",2019-09,$29.58,4.8,No
B07S85TPLG,"Ninja FD401 LP3 Foodi 12-in-1 Deluxe XL 8 qt. Pressure Cooker & Air Fryer that Steams, Slow Cooks, Sears, Sautés, Dehydrates & More, with 5 qt. Crisper Basket, Reversible Rack & Recipe Book, Silver",2019-10,$31.21,5.0,No
B07S85TPLG,"Ninja FD401 LP3 Foodi 12-in-1 Deluxe XL 8 qt. Pressure Cooker & Air Fryer that Steams, Slow Cooks, Sears, Sautés, Dehydrates & More, with 5 qt. Crisper Basket, Reversible Rack & Recipe Book, Silver",2019-11,$30.54,4.7,No
B07S85TPLG,"Ninja FD401 LP3 Foodi 12-in-1 Deluxe XL 8 qt. Pressure Cooker & Air Fryer that Steams, Slow Cooks, Sears, Sautés, Dehydrates & More, with 5 qt. Crisper Basket, Reversible Rack & Recipe Book, Silver",2019-12,$31.08,4.7,No
B07S85TPLG,"Ninja FD401 LP3 Foodi 12-in-1 Deluxe XL 8 qt. Pressure Cooker & Air Fryer that Steams, Slow Cooks, Sears, Sautés, Dehydrates & More, with 5 qt. Crisper Basket, Reversible Rack & Recipe Book, Silver",2020-01,$32.30,5.0,No
B07S85TPLG,"Ninja FD401 LP3 Foodi 12-in-1 Deluxe XL 8 qt. Pressure Cooker & Air Fryer that Steams, Slow Cooks, Sears, Sautés, Dehydrates & More, with 5 qt. Crisper Basket, Reversible Rack & Recipe Book, Silver",2020-02,$32.72,5.0,No
B07S85TPLG,"Ninja FD401 LP3 Foodi 12-in-1 Deluxe XL 8 qt. Pressure Cooker & Air Fryer that Steams, Slow Cooks, Sears, Sautés, Dehydrates & More, with 5 qt. Crisper Basket, Reversible Rack & Recipe Book, Silver",2020-03,$29.23,5.0,No
B07S85TPLG,"Ninja FD401 LP3 Foodi 12-in-1 Deluxe XL 8 qt. Pressure Cooker & Air Fryer that Steams, Slow Cooks, Sears, Sautés, Dehydrates & More, with 5 qt. Crisper Basket, Reversible Rack & Recipe Book, Silver",2020-04,$32.65,5.0,No
B07S85TPLG,"Ninja FD401 LP3 Foodi 12-in-1 Deluxe XL 8 qt. Pressure Cooker & Air Fryer that Steams, Slow Cooks, Sears, Sautés, Dehydrates & More, with 5 qt. Crisper Basket, Reversible Rack & Recipe Book, Silver",2020-05,$29.92,4.9,No
B07S85TPLG,"Ninja FD401 LP3 Foodi 12-in-1 Deluxe XL 8 qt. Pressure Cooker & Air Fryer that Steams, Slow Cooks, Sears, Sautés, Dehydrates & More, with 5 qt. Crisper Basket, Reversible Rack & Recipe Book, Silver",2020-06,$29.33,5.0,No
B07S85TPLG,"Ninja FD401 LP3 Foodi 12-in-1 Deluxe XL 8 qt. Pressure Cooker & Air Fryer that Steams, Slow Cooks, Sears, Sautés, Dehydrates & More, with 5 qt. Crisper Basket, Reversible Rack & Recipe Book, Silver",2020-07,$28.31,4.5,No
B07S85TPLG,"Ninja FD401 LP3 Foodi 12-in-1 Deluxe XL 8 qt. Pressure Cooker & Air Fryer that Steams, Slow Cooks, Sears, Sautés, Dehydrates & More, with 5 qt. Crisper Basket, Reversible Rack & Recipe Book, Silver",2020-08,$31.83,5.0,No
B07S85TPLG,"Ninja FD401 LP3 Foodi 12-in-1 Deluxe XL 8 qt. Pressure Cooker & Air Fryer that Steams, Slow Cooks, Sears, Sautés, Dehydrates & More, with 5 qt. Crisper Basket, Reversible Rack & Recipe Book, Silver",2020-09,$31.67,4.7,No
B07S85TPLG,"Ninja FD401 LP3 Foodi 12-in-1 Deluxe XL 8 qt. Pressure Cooker & Air Fryer that Steams, Slow Cooks, Sears, Sautés, Dehydrates & More, with 5 qt. Crisper Basket, Reversible Rack & Recipe Book, Silver",2020-10,$32.18,4.7,No
B07S85TPLG,"Ninja FD401 LP3 Foodi 12-in-1 Deluxe XL 8 qt. Pressure Cooker & Air Fryer that Steams, Slow Cooks, Sears, Sautés, Dehydrates & More, with 5 qt. Crisper Basket, Reversible Rack & Recipe Book, Silver",2020-11,$31.86,4.5,No
B07S85TPLG,"Ninja FD401 LP3 Foodi 12-in-1 Deluxe XL 8 qt. Pressure Cooker & Air Fryer that Steams, Slow Cooks, Sears, Sautés, Dehydrates & More, with 5 qt. Crisper Basket, Reversible Rack & Recipe Book, Silver",2020-12,$30.60,4.8,No
B07S85TPLG,"Ninja FD401 LP3 Foodi 12-in-1 Deluxe XL 8 qt. Pressure Cooker & Air Fryer that Steams, Slow Cooks, Sears, Sautés, Dehydrates & More, with 5 qt. Crisper Basket, Reversible Rack & Recipe Book, Silver",2021-01,$27.99,4.9,No
B07S85TPLG,"Ninja FD401 LP3 Foodi 12-in-1 Deluxe XL 8 qt. Pressure Cooker & Air Fryer that Steams, Slow Cooks, Sears, Sautés, Dehydrates & More, with 5 qt. Crisper Basket, Reversible Rack & Recipe Book, Silver",2021-02,$28.69,4.7,No
B07S85TPLG,"Ninja FD401 LP3 Foodi 12-in-1 Deluxe XL 8 qt. Pressure Cooker & Air Fryer that Steams, Slow Cooks, Sears, Sautés, Dehydrates & More, with 5 qt. Crisper Basket, Reversible Rack & Recipe Book, Silver",2021-03,$29.76,4.9,No
B07S85TPLG,"Ninja FD401 LP3 Foodi 12-in-1 Deluxe XL 8 qt. Pressure Cooker & Air Fryer that Steams, Slow Cooks, Sears, Sautés, Dehydrates & More, with 5 qt. Crisper Basket, Reversible Rack & Recipe Book, Silver",2021-04,$31.51,5.0,No
B07S85TPLG,"Ninja FD401 LP3 Foodi 12-in-1 Deluxe XL 8 qt. Pressure Cooker & Air Fryer that Steams, Slow Cooks, Sears, Sautés, Dehydrates & More, with 5 qt. Crisper Basket, Reversible Rack & Recipe Book, Silver",2021-05,$29.32,4.8,No
B07S85TPLG,"Ninja FD401 LP3 Foodi 12-in-1 Deluxe XL 8 qt. Pressure Cooker & Air Fryer that Steams, Slow Cooks, Sears, Sautés, Dehydrates & More, with 5 qt. Crisper Basket, Reversible Rack & Recipe Book, Silver",2021-06,$31.65,5.0,No
B07S85TPLG,"Ninja FD401 LP3 Foodi 12-in-1 Deluxe XL 8 qt. Pressure Cooker & Air Fryer that Steams, Slow Cooks, Sears, Sautés, Dehydrates & More, with 5 qt. Crisper Basket, Reversible Rack & Recipe Book, Silver",2021-07,$29.85,5.0,No
B07S85TPLG,"Ninja FD401 LP3 Foodi 12-in-1 Deluxe XL 8 qt. Pressure Cooker & Air Fryer that Steams, Slow Cooks, Sears, Sautés, Dehydrates & More, with 5 qt. Crisper Basket, Reversible Rack & Recipe Book, Silver",2021-08,$29.29,5.0,No
B07S85TPLG,"Ninja FD401 LP3 Foodi 12-in-1 Deluxe XL 8 qt. Pressure Cooker & Air Fryer that Steams, Slow Cooks, Sears, Sautés, Dehydrates & More, with 5 qt. Crisper Basket, Reversible Rack & Recipe Book, Silver",2021-09,$29.55,4.8,No
B07S85TPLG,"Ninja FD401 LP3 Foodi 12-in-1 Deluxe XL 8 qt. Pressure Cooker & Air Fryer that Steams, Slow Cooks, Sears, Sautés, Dehydrates & More, with 5 qt. Crisper Basket, Reversible Rack & Recipe Book, Silver",2021-10,$32.28,5.0,No
B07S85TPLG,"Ninja FD401 LP3 Foodi 12-in-1 Deluxe XL 8 qt. Pressure Cooker & Air Fryer that Steams, Slow Cooks, Sears, Sautés, Dehydrates & More, with 5 qt. Crisper Basket, Reversible Rack & Recipe Book, Silver",2021-11,$32.93,5.0,No
B07S85TPLG,"Ninja FD401 LP3 Foodi 12-in-1 Deluxe XL 8 qt. Pressure Cooker & Air Fryer that Steams, Slow Cooks, Sears, Sautés, Dehydrates & More, with 5 qt. Crisper Basket, Reversible Rack & Recipe Book, Silver",2021-12,$31.78,5.0,No
B07S85TPLG,"Ninja FD401 LP3 Foodi 12-in-1 Deluxe XL 8 qt. Pressure Cooker & Air Fryer that Steams, Slow Cooks, Sears, Sautés, Dehydrates & More, with 5 qt. Crisper Basket, Reversible Rack & Recipe Book, Silver",2022-01,$32.01,5.0,No
B07S85TPLG,"Ninja FD401 LP3 Foodi 12-in-1 Deluxe XL 8 qt. Pressure Cooker & Air Fryer that Steams, Slow Cooks, Sears, Sautés, Dehydrates & More, with 5 qt. Crisper Basket, Reversible Rack & Recipe Book, Silver",2022-02,$28.20,4.6,No
B07S85TPLG,"Ninja FD401 LP3 Foodi 12-in-1 Deluxe XL 8 qt. Pressure Cooker & Air Fryer that Steams, Slow Cooks, Sears, Sautés, Dehydrates & More, with 5 qt. Crisper Basket, Reversible Rack & Recipe Book, Silver",2022-03,$31.31,4.9,No
B07S85TPLG,"Ninja FD401 LP3 Foodi 12-in-1 Deluxe XL 8 qt. Pressure Cooker & Air Fryer that Steams, Slow Cooks, Sears, Sautés, Dehydrates & More, with 5 qt. Crisper Basket, Reversible Rack & Recipe Book, Silver",2022-04,$29.84,5.0,No
B07S85TPLG,"Ninja FD401 LP3 Foodi 12-in-1 Deluxe XL 8 qt. Pressure Cooker & Air Fryer that Steams, Slow Cooks, Sears, Sautés, Dehydrates & More, with 5 qt. Crisper Basket, Reversible Rack & Recipe Book, Silver",2022-05,$27.51,4.8,No
B07S85TPLG,"Ninja FD401 LP3 Foodi 12-in-1 Deluxe XL 8 qt. Pressure Cooker & Air Fryer that Steams, Slow Cooks, Sears, Sautés, Dehydrates & More, with 5 qt. Crisper Basket, Reversible Rack & Recipe Book, Silver",2022-06,$31.45,4.8,No
B07S85TPLG,"Ninja FD401 LP3 Foodi 12-in-1 Deluxe XL 8 qt. Pressure Cooker & Air Fryer that Steams, Slow Cooks, Sears, Sautés, Dehydrates & More, with 5 qt. Crisper Basket, Reversible Rack & Recipe Book, Silver",2022-07,$29.94,5.0,No
B07S85TPLG,"Ninja FD401 LP3 Foodi 12-in-1 Deluxe XL 8 qt. Pressure Cooker & Air Fryer that Steams, Slow Cooks, Sears, Sautés, Dehydrates & More, with 5 qt. Crisper Basket, Reversible Rack & Recipe Book, Silver",2022-08,$32.25,4.9,No
B07S85TPLG,"Ninja FD401 LP3 Foodi 12-in-1 Deluxe XL 8 qt. Pressure Cooker & Air Fryer that Steams, Slow Cooks, Sears, Sautés, Dehydrates & More, with 5 qt. Crisper Basket, Reversible Rack & Recipe Book, Silver",2022-09,$30.43,4.5,No
B07S85TPLG,"Ninja FD401 LP3 Foodi 12-in-1 Deluxe XL 8 qt. Pressure Cooker & Air Fryer that Steams, Slow Cooks, Sears, Sautés, Dehydrates & More, with 5 qt. Crisper Basket, Reversible Rack & Recipe Book, Silver",2022-10,$30.11,4.9,No
B07S85TPLG,"Ninja FD401 LP3 Foodi 12-in-1 Deluxe XL 8 qt. Pressure Cooker & Air Fryer that Steams, Slow Cooks, Sears, Sautés, Dehydrates & More, with 5 qt. Crisper Basket, Reversible Rack & Recipe Book, Silver",2022-11,$30.29,5.0,No
B07S85TPLG,"Ninja FD401 LP3 Foodi 12-in-1 Deluxe XL 8 qt. Pressure Cooker & Air Fryer that Steams, Slow Cooks, Sears, Sautés, Dehydrates & More, with 5 qt. Crisper Basket, Reversible Rack & Recipe Book, Silver",2022-12,$29.70,5.0,No
B07S85TPLG,"Ninja FD401 LP3 Foodi 12-in-1 Deluxe XL 8 qt. Pressure Cooker & Air Fryer that Steams, Slow Cooks, Sears, Sautés, Dehydrates & More, with 5 qt. Crisper Basket, Reversible Rack & Recipe Book, Silver",2023-01,$28.73,5.0,No
B07S85TPLG,"Ninja FD401 LP3 Foodi 12-in-1 Deluxe XL 8 qt. Pressure Cooker & Air Fryer that Steams, Slow Cooks, Sears, Sautés, Dehydrates & More, with 5 qt. Crisper Basket, Reversible Rack & Recipe Book, Silver",2023-02,$31.38,4.7,No
B07S85TPLG,"Ninja FD401 LP3 Foodi 12-in-1 Deluxe XL 8 qt. Pressure Cooker & Air Fryer that Steams, Slow Cooks, Sears, Sautés, Dehydrates & More, with 5 qt. Crisper Basket, Reversible Rack & Recipe Book, Silver",2023-03,$30.88,5.0,No
B07S85TPLG,"Ninja FD401 LP3 Foodi 12-in-1 Deluxe XL 8 qt. Pressure Cooker & Air Fryer that Steams, Slow Cooks, Sears, Sautés, Dehydrates & More, with 5 qt. Crisper Basket, Reversible Rack & Recipe Book, Silver",2023-04,$27.89,5.0,No
B07S85TPLG,"Ninja FD401 LP3 Foodi 12-in-1 Deluxe XL 8 qt. Pressure Cooker & Air Fryer that Steams, Slow Cooks, Sears, Sautés, Dehydrates & More, with 5 qt. Crisper Basket, Reversible Rack & Recipe Book, Silver",2023-05,$32.70,5.0,No
B07S85TPLG,"Ninja FD401 LP3 Foodi 12-in-1 Deluxe XL 8 qt. Pressure Cooker & Air Fryer that Steams, Slow Cooks, Sears, Sautés, Dehydrates & More, with 5 qt. Crisper Basket, Reversible Rack & Recipe Book, Silver",2023-06,$32.50,5.0,No
B07S85TPLG,"Ninja FD401 LP3 Foodi 12-in-1 Deluxe XL 8 qt. Pressure Cooker & Air Fryer that Steams, Slow Cooks, Sears, Sautés, Dehydrates & More, with 5 qt. Crisper Basket, Reversible Rack & Recipe Book, Silver",2023-07,$31.42,5.0,No
B07S85TPLG,"Ninja FD401 LP3 Foodi 12-in-1 Deluxe XL 8 qt. Pressure Cooker & Air Fryer that Steams, Slow Cooks, Sears, Sautés, Dehydrates & More, with 5 qt. Crisper Basket, Reversible Rack & Recipe Book, Silver",2023-08,$27.99,4.7,No
B07S85TPLG,"Ninja FD401 LP3 Foodi 12-in-1 Deluxe XL 8 qt. Pressure Cooker & Air Fryer that Steams, Slow Cooks, Sears, Sautés, Dehydrates & More, with 5 qt. Crisper Basket, Reversible Rack & Recipe Book, Silver",2023-09,$32.13,5.0,No
B07S85TPLG,"Ninja FD401 LP3 Foodi 12-in-1 Deluxe XL 8 qt. Pressure Cooker & Air Fryer that Steams, Slow Cooks, Sears, Sautés, Dehydrates & More, with 5 qt. Crisper Basket, Reversible Rack & Recipe Book, Silver",2023-10,$30.65,5.0,No
B07S85TPLG,"Ninja FD401 LP3 Foodi 12-in-1 Deluxe XL 8 qt. Pressure Cooker & Air Fryer that Steams, Slow Cooks, Sears, Sautés, Dehydrates & More, with 5 qt. Crisper Basket, Reversible Rack & Recipe Book, Silver",2023-11,$30.16,5.0,No
B07S85TPLG,"Ninja FD401 LP3 Foodi 12-in-1 Deluxe XL 8 qt. Pressure Cooker & Air Fryer that Steams, Slow Cooks, Sears, Sautés, Dehydrates & More, with 5 qt. Crisper Basket, Reversible Rack & Recipe Book, Silver",2023-12,$29.23,5.0,No
B07S85TPLG,"Ninja FD401 LP3 Foodi 12-in-1 Deluxe XL 8 qt. Pressure Cooker & Air Fryer that Steams, Slow Cooks, Sears, Sautés, Dehydrates & More, with 5 qt. Crisper Basket, Reversible Rack & Recipe Book, Silver",2024-01,$29.86,5.0,No
B07S85TPLG,"Ninja FD401 LP3 Foodi 12-in-1 Deluxe XL 8 qt. Pressure Cooker & Air Fryer that Steams, Slow Cooks, Sears, Sautés, Dehydrates & More, with 5 qt. Crisper Basket, Reversible Rack & Recipe Book, Silver",2024-02,$27.15,5.0,No
B07S85TPLG,"Ninja FD401 LP3 Foodi 12-in-1 Deluxe XL 8 qt. Pressure Cooker & Air Fryer that Steams, Slow Cooks, Sears, Sautés, Dehydrates & More, with 5 qt. Crisper Basket, Reversible Rack & Recipe Book, Silver",2024-03,$32.96,5.0,No
B07S85TPLG,"Ninja FD401 LP3 Foodi 12-in-1 Deluxe XL 8 qt. Pressure Cooker & Air Fryer that Steams, Slow Cooks, Sears, Sautés, Dehydrates & More, with 5 qt. Crisper Basket, Reversible Rack & Recipe Book, Silver",2024-04,$28.90,5.0,No
B07S85TPLG,"Ninja FD401 LP3 Foodi 12-in-1 Deluxe XL 8 qt. Pressure Cooker & Air Fryer that Steams, Slow Cooks, Sears, Sautés, Dehydrates & More, with 5 qt. Crisper Basket, Reversible Rack & Recipe Book, Silver",2024-05,$31.67,5.0,No
B07S85TPLG,"Ninja FD401 LP3 Foodi 12-in-1 Deluxe XL 8 qt. Pressure Cooker & Air Fryer that Steams, Slow Cooks, Sears, Sautés, Dehydrates & More, with 5 qt. Crisper Basket, Reversible Rack & Recipe Book, Silver",2024-06,$31.16,5.0,No
B07S85TPLG,"Ninja FD401 LP3 Foodi 12-in-1 Deluxe XL 8 qt. Pressure Cooker & Air Fryer that Steams, Slow Cooks, Sears, Sautés, Dehydrates & More, with 5 qt. Crisper Basket, Reversible Rack & Recipe Book, Silver",2024-07,$32.53,5.0,No
B07S85TPLG,"Ninja FD401 LP3 Foodi 12-in-1 Deluxe XL 8 qt. Pressure Cooker & Air Fryer that Steams, Slow Cooks, Sears, Sautés, Dehydrates & More, with 5 qt. Crisper Basket, Reversible Rack & Recipe Book, Silver",2024-08,$27.32,4.9,No
B07S85TPLG,"Ninja FD401 LP3 Foodi 12-in-1 Deluxe XL 8 qt. Pressure Cooker & Air Fryer that Steams, Slow Cooks, Sears, Sautés, Dehydrates & More, with 5 qt. Crisper Basket, Reversible Rack & Recipe Book, Silver",2024-09,$32.80,5.0,No
B07S85TPLG,"Ninja FD401 LP3 Foodi 12-in-1 Deluxe XL 8 qt. Pressure Cooker & Air Fryer that Steams, Slow Cooks, Sears, Sautés, Dehydrates & More, with 5 qt. Crisper Basket, Reversible Rack & Recipe Book, Silver",2024-10,$27.51,4.6,No
B07S85TPLG,"Ninja FD401 LP3 Foodi 12-in-1 Deluxe XL 8 qt. Pressure Cooker & Air Fryer that Steams, Slow Cooks, Sears, Sautés, Dehydrates & More, with 5 qt. Crisper Basket, Reversible Rack & Recipe Book, Silver",2024-11,$28.79,5.0,No
B07S85TPLG,"Ninja FD401 LP3 Foodi 12-in-1 Deluxe XL 8 qt. Pressure Cooker & Air Fryer that Steams, Slow Cooks, Sears, Sautés, Dehydrates & More, with 5 qt. Crisper Basket, Reversible Rack & Recipe Book, Silver",2024-12,$29.84,5.0,No
B09G9FPHY6,"Apple iPad (9th Generation): with A13 Bionic chip, 10.2-inch Retina Display, 64GB, Wi-Fi, 12MP front/8MP Back Camera, Touch ID, All-Day Battery Life – Space Gray",2015-01,$29.55,4.6,No
B09G9FPHY6,"Apple iPad (9th Generation): with A13 Bionic chip, 10.2-inch Retina Display, 64GB, Wi-Fi, 12MP front/8MP Back Camera, Touch ID, All-Day Battery Life – Space Gray",2015-02,$32.14,4.6,No
B09G9FPHY6,"Apple iPad (9th Generation): with A13 Bionic chip, 10.2-inch Retina Display, 64GB, Wi-Fi, 12MP front/8MP Back Camera, Touch ID, All-Day Battery Life – Space Gray",2015-03,$29.22,4.7,No
B09G9FPHY6,"Apple iPad (9th Generation): with A13 Bionic chip, 10.2-inch Retina Display, 64GB, Wi-Fi, 12MP front/8MP Back Camera, Touch ID, All-Day Battery Life – Space Gray",2015-04,$32.17,5.0,No
B09G9FPHY6,"Apple iPad (9th Generation): with A13 Bionic chip, 10.2-inch Retina Display, 64GB, Wi-Fi, 12MP front/8MP Back Camera, Touch ID, All-Day Battery Life – Space Gray",2015-05,$29.24,5.0,No
B09G9FPHY6,"Apple iPad (9th Generation): with A13 Bionic chip, 10.2-inch Retina Display, 64GB, Wi-Fi, 12MP front/8MP Back Camera, Touch ID, All-Day Battery Life – Space Gray",2015-06,$32.89,5.0,No
B09G9FPHY6,"Apple iPad (9th Generation): with A13 Bionic chip, 10.2-inch Retina Display, 64GB, Wi-Fi, 12MP front/8MP Back Camera, Touch ID, All-Day Battery Life – Space Gray",2015-07,$29.56,4.7,No
B09G9FPHY6,"Apple iPad (9th Generation): with A13 Bionic chip, 10.2-inch Retina Display, 64GB, Wi-Fi, 12MP front/8MP Back Camera, Touch ID, All-Day Battery Life – Space Gray",2015-08,$31.91,4.7,No
B09G9FPHY6,"Apple iPad (9th Generation): with A13 Bionic chip, 10.2-inch Retina Display, 64GB, Wi-Fi, 12MP front/8MP Back Camera, Touch ID, All-Day Battery Life – Space Gray",2015-09,$31.15,5.0,No
B09G9FPHY6,"Apple iPad (9th Generation): with A13 Bionic chip, 10.2-inch Retina Display, 64GB, Wi-Fi, 12MP front/8MP Back Camera, Touch ID, All-Day Battery Life – Space Gray",2015-10,$32.88,4.6,No
B09G9FPHY6,"Apple iPad (9th Generation): with A13 Bionic chip, 10.2-inch Retina Display, 64GB, Wi-Fi, 12MP front/8MP Back Camera, Touch ID, All-Day Battery Life – Space Gray",2015-11,$27.26,4.7,No
B09G9FPHY6,"Apple iPad (9th Generation): with A13 Bionic chip, 10.2-inch Retina Display, 64GB, Wi-Fi, 12MP front/8MP Back Camera, Touch ID, All-Day Battery Life – Space Gray",2015-12,$31.38,5.0,No
B09G9FPHY6,"Apple iPad (9th Generation): with A13 Bionic chip, 10.2-inch Retina Display, 64GB, Wi-Fi, 12MP front/8MP Back Camera, Touch ID, All-Day Battery Life – Space Gray",2016-01,$29.12,5.0,No
B09G9FPHY6,"Apple iPad (9th Generation): with A13 Bionic chip, 10.2-inch Retina Display, 64GB, Wi-Fi, 12MP front/8MP Back Camera, Touch ID, All-Day Battery Life – Space Gray",2016-02,$30.96,4.5,No
B09G9FPHY6,"Apple iPad (9th Generation): with A13 Bionic chip, 10.2-inch Retina Display, 64GB, Wi-Fi, 12MP front/8MP Back Camera, Touch ID, All-Day Battery Life – Space Gray",2016-03,$31.94,4.6,No
B09G9FPHY6,"Apple iPad (9th Generation): with A13 Bionic chip, 10.2-inch Retina Display, 64GB, Wi-Fi, 12MP front/8MP Back Camera, Touch ID, All-Day Battery Life – Space Gray",2016-04,$29.48,4.8,No
B09G9FPHY6,"Apple iPad (9th Generation): with A13 Bionic chip, 10.2-inch Retina Display, 64GB, Wi-Fi, 12MP front/8MP Back Camera, Touch ID, All-Day Battery Life – Space Gray",2016-05,$31.62,4.5,No
B09G9FPHY6,"Apple iPad (9th Generation): with A13 Bionic chip, 10.2-inch Retina Display, 64GB, Wi-Fi, 12MP front/8MP Back Camera, Touch ID, All-Day Battery Life – Space Gray",2016-06,$27.40,5.0,No
B09G9FPHY6,"Apple iPad (9th Generation): with A13 Bionic chip, 10.2-inch Retina Display, 64GB, Wi-Fi, 12MP front/8MP Back Camera, Touch ID, All-Day Battery Life – Space Gray",2016-07,$32.92,4.5,No
B09G9FPHY6,"Apple iPad (9th Generation): with A13 Bionic chip, 10.2-inch Retina Display, 64GB, Wi-Fi, 12MP front/8MP Back Camera, Touch ID, All-Day Battery Life – Space Gray",2016-08,$32.86,5.0,No
B09G9FPHY6,"Apple iPad (9th Generation): with A13 Bionic chip, 10.2-inch Retina Display, 64GB, Wi-Fi, 12MP front/8MP Back Camera, Touch ID, All-Day Battery Life – Space Gray",2016-09,$29.63,4.7,No
B09G9FPHY6,"Apple iPad (9th Generation): with A13 Bionic chip, 10.2-inch Retina Display, 64GB, Wi-Fi, 12MP front/8MP Back Camera, Touch ID, All-Day Battery Life – Space Gray",2016-10,$32.51,5.0,No
B09G9FPHY6,"Apple iPad (9th Generation): with A13 Bionic chip, 10.2-inch Retina Display, 64GB, Wi-Fi, 12MP front/8MP Back Camera, Touch ID, All-Day Battery Life – Space Gray",2016-11,$32.02,5.0,No
B09G9FPHY6,"Apple iPad (9th Generation): with A13 Bionic chip, 10.2-inch Retina Display, 64GB, Wi-Fi, 12MP front/8MP Back Camera, Touch ID, All-Day Battery Life – Space Gray",2016-12,$28.62,5.0,No
B09G9FPHY6,"Apple iPad (9th Generation): with A13 Bionic chip, 10.2-inch Retina Display, 64GB, Wi-Fi, 12MP front/8MP Back Camera, Touch ID, All-Day Battery Life – Space Gray",2017-01,$29.29,5.0,No
B09G9FPHY6,"Apple iPad (9th Generation): with A13 Bionic chip, 10.2-inch Retina Display, 64GB, Wi-Fi, 12MP front/8MP Back Camera, Touch ID, All-Day Battery Life – Space Gray",2017-02,$27.48,5.0,No
B09G9FPHY6,"Apple iPad (9th Generation): with A13 Bionic chip, 10.2-inch Retina Display, 64GB, Wi-Fi, 12MP front/8MP Back Camera, Touch ID, All-Day Battery Life – Space Gray",2017-03,$28.46,4.8,No
B09G9FPHY6,"Apple iPad (9th Generation): with A13 Bionic chip, 10.2-inch Retina Display, 64GB, Wi-Fi, 12MP front/8MP Back Camera, Touch ID, All-Day Battery Life – Space Gray",2017-04,$28.02,5.0,No
B09G9FPHY6,"Apple iPad (9th Generation): with A13 Bionic chip, 10.2-inch Retina Display, 64GB, Wi-Fi, 12MP front/8MP Back Camera, Touch ID, All-Day Battery Life – Space Gray",2017-05,$30.69,5.0,No
B09G9FPHY6,"Apple iPad (9th Generation): with A13 Bionic chip, 10.2-inch Retina Display, 64GB, Wi-Fi, 12MP front/8MP Back Camera, Touch ID, All-Day Battery Life – Space Gray",2017-06,$31.93,4.9,No
B09G9FPHY6,"Apple iPad (9th Generation): with A13 Bionic chip, 10.2-inch Retina Display, 64GB, Wi-Fi, 12MP front/8MP Back Camera, Touch ID, All-Day Battery Life – Space Gray",2017-07,$30.01,4.6,No
B09G9FPHY6,"Apple iPad (9th Generation): with A13 Bionic chip, 10.2-inch Retina Display, 64GB, Wi-Fi, 12MP front/8MP Back Camera, Touch ID, All-Day Battery Life – Space Gray",2017-08,$31.61,4.6,No
B09G9FPHY6,"Apple iPad (9th Generation): with A13 Bionic chip, 10.2-inch Retina Display, 64GB, Wi-Fi, 12MP front/8MP Back Camera, Touch ID, All-Day Battery Life – Space Gray",2017-09,$27.82,4.6,No
B09G9FPHY6,"Apple iPad (9th Generation): with A13 Bionic chip, 10.2-inch Retina Display, 64GB, Wi-Fi, 12MP front/8MP Back Camera, Touch ID, All-Day Battery Life – Space Gray",2017-10,$28.37,5.0,No
B09G9FPHY6,"Apple iPad (9th Generation): with A13 Bionic chip, 10.2-inch Retina Display, 64GB, Wi-Fi, 12MP front/8MP Back Camera, Touch ID, All-Day Battery Life – Space Gray",2017-11,$30.76,5.0,No
B09G9FPHY6,"Apple iPad (9th Generation): with A13 Bionic chip, 10.2-inch Retina Display, 64GB, Wi-Fi, 12MP front/8MP Back Camera, Touch ID, All-Day Battery Life – Space Gray",2017-12,$31.90,4.7,No
B09G9FPHY6,"Apple iPad (9th Generation): with A13 Bionic chip, 10.2-inch Retina Display, 64GB, Wi-Fi, 12MP front/8MP Back Camera, Touch ID, All-Day Battery Life – Space Gray",2018-01,$27.92,4.8,No
B09G9FPHY6,"Apple iPad (9th Generation): with A13 Bionic chip, 10.2-inch Retina Display, 64GB, Wi-Fi, 12MP front/8MP Back Camera, Touch ID, All-Day Battery Life – Space Gray",2018-02,$31.98,4.8,No
B09G9FPHY6,"Apple iPad (9th Generation): with A13 Bionic chip, 10.2-inch Retina Display, 64GB, Wi-Fi, 12MP front/8MP Back Camera, Touch ID, All-Day Battery Life – Space Gray",2018-03,$32.86,5.0,No
B09G9FPHY6,"Apple iPad (9th Generation): with A13 Bionic chip, 10.2-inch Retina Display, 64GB, Wi-Fi, 12MP front/8MP Back Camera, Touch ID, All-Day Battery Life – Space Gray",2018-04,$29.21,5.0,No
B09G9FPHY6,"Apple iPad (9th Generation): with A13 Bionic chip, 10.2-inch Retina Display, 64GB, Wi-Fi, 12MP front/8MP Back Camera, Touch ID, All-Day Battery Life – Space Gray",2018-05,$31.97,4.5,No
B09G9FPHY6,"Apple iPad (9th Generation): with A13 Bionic chip, 10.2-inch Retina Display, 64GB, Wi-Fi, 12MP front/8MP Back Camera, Touch ID, All-Day Battery Life – Space Gray",2018-06,$31.25,5.0,No
B09G9FPHY6,"Apple iPad (9th Generation): with A13 Bionic chip, 10.2-inch Retina Display, 64GB, Wi-Fi, 12MP front/8MP Back Camera, Touch ID, All-Day Battery Life – Space Gray",2018-07,$28.67,4.9,No
B09G9FPHY6,"Apple iPad (9th Generation): with A13 Bionic chip, 10.2-inch Retina Display, 64GB, Wi-Fi, 12MP front/8MP Back Camera, Touch ID, All-Day Battery Life – Space Gray",2018-08,$28.81,5.0,No
B09G9FPHY6,"Apple iPad (9th Generation): with A13 Bionic chip, 10.2-inch Retina Display, 64GB, Wi-Fi, 12MP front/8MP Back Camera, Touch ID, All-Day Battery Life – Space Gray",2018-09,$30.88,5.0,No
B09G9FPHY6,"Apple iPad (9th Generation): with A13 Bionic chip, 10.2-inch Retina Display, 64GB, Wi-Fi, 12MP front/8MP Back Camera, Touch ID, All-Day Battery Life – Space Gray",2018-10,$28.59,4.9,No
B09G9FPHY6,"Apple iPad (9th Generation): with A13 Bionic chip, 10.2-inch Retina Display, 64GB, Wi-Fi, 12MP front/8MP Back Camera, Touch ID, All-Day Battery Life – Space Gray",2018-11,$29.84,4.7,No
B09G9FPHY6,"Apple iPad (9th Generation): with A13 Bionic chip, 10.2-inch Retina Display, 64GB, Wi-Fi, 12MP front/8MP Back Camera, Touch ID, All-Day Battery Life – Space Gray",2018-12,$32.72,5.0,No
B09G9FPHY6,"Apple iPad (9th Generation): with A13 Bionic chip, 10.2-inch Retina Display, 64GB, Wi-Fi, 12MP front/8MP Back Camera, Touch ID, All-Day Battery Life – Space Gray",2019-01,$30.52,5.0,No
B09G9FPHY6,"Apple iPad (9th Generation): with A13 Bionic chip, 10.2-inch Retina Display, 64GB, Wi-Fi, 12MP front/8MP Back Camera, Touch ID, All-Day Battery Life – Space Gray",2019-02,$31.45,5.0,No
B09G9FPHY6,"Apple iPad (9th Generation): with A13 Bionic chip, 10.2-inch Retina Display, 64GB, Wi-Fi, 12MP front/8MP Back Camera, Touch ID, All-Day Battery Life – Space Gray",2019-03,$32.62,4.5,No
B09G9FPHY6,"Apple iPad (9th Generation): with A13 Bionic chip, 10.2-inch Retina Display, 64GB, Wi-Fi, 12MP front/8MP Back Camera, Touch ID, All-Day Battery Life – Space Gray",2019-04,$27.42,5.0,No
B09G9FPHY6,"Apple iPad (9th Generation): with A13 Bionic chip, 10.2-inch Retina Display, 64GB, Wi-Fi, 12MP front/8MP Back Camera, Touch ID, All-Day Battery Life – Space Gray",2019-05,$32.25,5.0,No
B09G9FPHY6,"Apple iPad (9th Generation): with A13 Bionic chip, 10.2-inch Retina Display, 64GB, Wi-Fi, 12MP front/8MP Back Camera, Touch ID, All-Day Battery Life – Space Gray",2019-06,$31.01,5.0,No
B09G9FPHY6,"Apple iPad (9th Generation): with A13 Bionic chip, 10.2-inch Retina Display, 64GB, Wi-Fi, 12MP front/8MP Back Camera, Touch ID, All-Day Battery Life – Space Gray",2019-07,$28.06,4.7,No
B09G9FPHY6,"Apple iPad (9th Generation): with A13 Bionic chip, 10.2-inch Retina Display, 64GB, Wi-Fi, 12MP front/8MP Back Camera, Touch ID, All-Day Battery Life – Space Gray",2019-08,$31.31,4.9,No
B09G9FPHY6,"Apple iPad (9th Generation): with A13 Bionic chip, 10.2-inch Retina Display, 64GB, Wi-Fi, 12MP front/8MP Back Camera, Touch ID, All-Day Battery Life – Space Gray",2019-09,$32.44,4.8,No
B09G9FPHY6,"Apple iPad (9th Generation): with A13 Bionic chip, 10.2-inch Retina Display, 64GB, Wi-Fi, 12MP front/8MP Back Camera, Touch ID, All-Day Battery Life – Space Gray",2019-10,$31.32,5.0,No
B09G9FPHY6,"Apple iPad (9th Generation): with A13 Bionic chip, 10.2-inch Retina Display, 64GB, Wi-Fi, 12MP front/8MP Back Camera, Touch ID, All-Day Battery Life – Space Gray",2019-11,$32.36,5.0,No
B09G9FPHY6,"Apple iPad (9th Generation): with A13 Bionic chip, 10.2-inch Retina Display, 64GB, Wi-Fi, 12MP front/8MP Back Camera, Touch ID, All-Day Battery Life – Space Gray",2019-12,$32.40,5.0,No
B09G9FPHY6,"Apple iPad (9th Generation): with A13 Bionic chip, 10.2-inch Retina Display, 64GB, Wi-Fi, 12MP front/8MP Back Camera, Touch ID, All-Day Battery Life – Space Gray",2020-01,$29.84,5.0,No
B09G9FPHY6,"Apple iPad (9th Generation): with A13 Bionic chip, 10.2-inch Retina Display, 64GB, Wi-Fi, 12MP front/8MP Back Camera, Touch ID, All-Day Battery Life – Space Gray",2020-02,$27.73,5.0,No
B09G9FPHY6,"Apple iPad (9th Generation): with A13 Bionic chip, 10.2-inch Retina Display, 64GB, Wi-Fi, 12MP front/8MP Back Camera, Touch ID, All-Day Battery Life – Space Gray",2020-03,$27.74,5.0,No
B09G9FPHY6,"Apple iPad (9th Generation): with A13 Bionic chip, 10.2-inch Retina Display, 64GB, Wi-Fi, 12MP front/8MP Back Camera, Touch ID, All-Day Battery Life – Space Gray",2020-04,$30.82,4.8,No
B09G9FPHY6,"Apple iPad (9th Generation): with A13 Bionic chip, 10.2-inch Retina Display, 64GB, Wi-Fi, 12MP front/8MP Back Camera, Touch ID, All-Day Battery Life – Space Gray",2020-05,$31.65,5.0,No
B09G9FPHY6,"Apple iPad (9th Generation): with A13 Bionic chip, 10.2-inch Retina Display, 64GB, Wi-Fi, 12MP front/8MP Back Camera, Touch ID, All-Day Battery Life – Space Gray",2020-06,$29.93,5.0,No
B09G9FPHY6,"Apple iPad (9th Generation): with A13 Bionic chip, 10.2-inch Retina Display, 64GB, Wi-Fi, 12MP front/8MP Back Camera, Touch ID, All-Day Battery Life – Space Gray",2020-07,$30.84,5.0,No
B09G9FPHY6,"Apple iPad (9th Generation): with A13 Bionic chip, 10.2-inch Retina Display, 64GB, Wi-Fi, 12MP front/8MP Back Camera, Touch ID, All-Day Battery Life – Space Gray",2020-08,$31.56,4.8,No
B09G9FPHY6,"Apple iPad (9th Generation): with A13 Bionic chip, 10.2-inch Retina Display, 64GB, Wi-Fi, 12MP front/8MP Back Camera, Touch ID, All-Day Battery Life – Space Gray",2020-09,$30.53,4.8,No
B09G9FPHY6,"Apple iPad (9th Generation): with A13 Bionic chip, 10.2-inch Retina Display, 64GB, Wi-Fi, 12MP front/8MP Back Camera, Touch ID, All-Day Battery Life – Space Gray",2020-10,$29.91,4.9,No
B09G9FPHY6,"Apple iPad (9th Generation): with A13 Bionic chip, 10.2-inch Retina Display, 64GB, Wi-Fi, 12MP front/8MP Back Camera, Touch ID, All-Day Battery Life – Space Gray",2020-11,$32.06,4.9,No
B09G9FPHY6,"Apple iPad (9th Generation): with A13 Bionic chip, 10.2-inch Retina Display, 64GB, Wi-Fi, 12MP front/8MP Back Camera, Touch ID, All-Day Battery Life – Space Gray",2020-12,$30.58,4.6,No
B09G9FPHY6,"Apple iPad (9th Generation): with A13 Bionic chip, 10.2-inch Retina Display, 64GB, Wi-Fi, 12MP front/8MP Back Camera, Touch ID, All-Day Battery Life – Space Gray",2021-01,$30.26,4.6,No
B09G9FPHY6,"Apple iPad (9th Generation): with A13 Bionic chip, 10.2-inch Retina Display, 64GB, Wi-Fi, 12MP front/8MP Back Camera, Touch ID, All-Day Battery Life – Space Gray",2021-02,$29.26,5.0,No
B09G9FPHY6,"Apple iPad (9th Generation): with A13 Bionic chip, 10.2-inch Retina Display, 64GB, Wi-Fi, 12MP front/8MP Back Camera, Touch ID, All-Day Battery Life – Space Gray",2021-03,$31.22,4.7,No
B09G9FPHY6,"Apple iPad (9th Generation): with A13 Bionic chip, 10.2-inch Retina Display, 64GB, Wi-Fi, 12MP front/8MP Back Camera, Touch ID, All-Day Battery Life – Space Gray",2021-04,$28.33,4.6,No
B09G9FPHY6,"Apple iPad (9th Generation): with A13 Bionic chip, 10.2-inch Retina Display, 64GB, Wi-Fi, 12MP front/8MP Back Camera, Touch ID, All-Day Battery Life – Space Gray",2021-05,$29.18,5.0,No
B09G9FPHY6,"Apple iPad (9th Generation): with A13 Bionic chip, 10.2-inch Retina Display, 64GB, Wi-Fi, 12MP front/8MP Back Camera, Touch ID, All-Day Battery Life – Space Gray",2021-06,$31.57,5.0,No
B09G9FPHY6,"Apple iPad (9th Generation): with A13 Bionic chip, 10.2-inch Retina Display, 64GB, Wi-Fi, 12MP front/8MP Back Camera, Touch ID, All-Day Battery Life – Space Gray",2021-07,$31.76,4.9,No
B09G9FPHY6,"Apple iPad (9th Generation): with A13 Bionic chip, 10.2-inch Retina Display, 64GB, Wi-Fi, 12MP front/8MP Back Camera, Touch ID, All-Day Battery Life – Space Gray",2021-08,$30.74,5.0,No
B09G9FPHY6,"Apple iPad (9th Generation): with A13 Bionic chip, 10.2-inch Retina Display, 64GB, Wi-Fi, 12MP front/8MP Back Camera, Touch ID, All-Day Battery Life – Space Gray",2021-09,$32.80,5.0,No
B09G9FPHY6,"Apple iPad (9th Generation): with A13 Bionic chip, 10.2-inch Retina Display, 64GB, Wi-Fi, 12MP front/8MP Back Camera, Touch ID, All-Day Battery Life – Space Gray",2021-10,$31.84,4.5,No
B09G9FPHY6,"Apple iPad (9th Generation): with A13 Bionic chip, 10.2-inch Retina Display, 64GB, Wi-Fi, 12MP front/8MP Back Camera, Touch ID, All-Day Battery Life – Space Gray",2021-11,$30.58,4.9,No
B09G9FPHY6,"Apple iPad (9th Generation): with A13 Bionic chip, 10.2-inch Retina Display, 64GB, Wi-Fi, 12MP front/8MP Back Camera, Touch ID, All-Day Battery Life – Space Gray",2021-12,$31.88,5.0,No
B09G9FPHY6,"Apple iPad (9th Generation): with A13 Bionic chip, 10.2-inch Retina Display, 64GB, Wi-Fi, 12MP front/8MP Back Camera, Touch ID, All-Day Battery Life – Space Gray",2022-01,$30.87,5.0,No
B09G9FPHY6,"Apple iPad (9th Generation): with A13 Bionic chip, 10.2-inch Retina Display, 64GB, Wi-Fi, 12MP front/8MP Back Camera, Touch ID, All-Day Battery Life – Space Gray",2022-02,$32.32,4.6,No
B09G9FPHY6,"Apple iPad (9th Generation): with A13 Bionic chip, 10.2-inch Retina Display, 64GB, Wi-Fi, 12MP front/8MP Back Camera, Touch ID, All-Day Battery Life – Space Gray",2022-03,$30.09,5.0,No
B09G9FPHY6,"Apple iPad (9th Generation): with A13 Bionic chip, 10.2-inch Retina Display, 64GB, Wi-Fi, 12MP front/8MP Back Camera, Touch ID, All-Day Battery Life – Space Gray",2022-04,$31.99,4.6,No
B09G9FPHY6,"Apple iPad (9th Generation): with A13 Bionic chip, 10.2-inch Retina Display, 64GB, Wi-Fi, 12MP front/8MP Back Camera, Touch ID, All-Day Battery Life – Space Gray",2022-05,$31.98,4.6,No
B09G9FPHY6,"Apple iPad (9th Generation): with A13 Bionic chip, 10.2-inch Retina Display, 64GB, Wi-Fi, 12MP front/8MP Back Camera, Touch ID, All-Day Battery Life – Space Gray",2022-06,$30.31,4.6,No
B09G9FPHY6,"Apple iPad (9th Generation): with A13 Bionic chip, 10.2-inch Retina Display, 64GB, Wi-Fi, 12MP front/8MP Back Camera, Touch ID, All-Day Battery Life – Space Gray",2022-07,$30.99,4.5,No
B09G9FPHY6,"Apple iPad (9th Generation): with A13 Bionic chip, 10.2-inch Retina Display, 64GB, Wi-Fi, 12MP front/8MP Back Camera, Touch ID, All-Day Battery Life – Space Gray",2022-08,$32.78,4.7,No
B09G9FPHY6,"Apple iPad (9th Generation): with A13 Bionic chip, 10.2-inch Retina Display, 64GB, Wi-Fi, 12MP front/8MP Back Camera, Touch ID, All-Day Battery Life – Space Gray",2022-09,$28.80,4.8,No
B09G9FPHY6,"Apple iPad (9th Generation): with A13 Bionic chip, 10.2-inch Retina Display, 64GB, Wi-Fi, 12MP front/8MP Back Camera, Touch ID, All-Day Battery Life – Space Gray",2022-10,$29.25,5.0,No
B09G9FPHY6,"Apple iPad (9th Generation): with A13 Bionic chip, 10.2-inch Retina Display, 64GB, Wi-Fi, 12MP front/8MP Back Camera, Touch ID, All-Day Battery Life – Space Gray",2022-11,$32.75,5.0,No
B09G9FPHY6,"Apple iPad (9th Generation): with A13 Bionic chip, 10.2-inch Retina Display, 64GB, Wi-Fi, 12MP front/8MP Back Camera, Touch ID, All-Day Battery Life – Space Gray",2022-12,$28.99,5.0,No
B09G9FPHY6,"Apple iPad (9th Generation): with A13 Bionic chip, 10.2-inch Retina Display, 64GB, Wi-Fi, 12MP front/8MP Back Camera, Touch ID, All-Day Battery Life – Space Gray",2023-01,$32.80,4.6,No
B09G9FPHY6,"Apple iPad (9th Generation): with A13 Bionic chip, 10.2-inch Retina Display, 64GB, Wi-Fi, 12MP front/8MP Back Camera, Touch ID, All-Day Battery Life – Space Gray",2023-02,$32.50,4.5,No
B09G9FPHY6,"Apple iPad (9th Generation): with A13 Bionic chip, 10.2-inch Retina Display, 64GB, Wi-Fi, 12MP front/8MP Back Camera, Touch ID, All-Day Battery Life – Space Gray",2023-03,$29.30,5.0,No
B09G9FPHY6,"Apple iPad (9th Generation): with A13 Bionic chip, 10.2-inch Retina Display, 64GB, Wi-Fi, 12MP front/8MP Back Camera, Touch ID, All-Day Battery Life – Space Gray",2023-04,$31.40,4.7,No
B09G9FPHY6,"Apple iPad (9th Generation): with A13 Bionic chip, 10.2-inch Retina Display, 64GB, Wi-Fi, 12MP front/8MP Back Camera, Touch ID, All-Day Battery Life – Space Gray",2023-05,$32.62,5.0,No
B09G9FPHY6,"Apple iPad (9th Generation): with A13 Bionic chip, 10.2-inch Retina Display, 64GB, Wi-Fi, 12MP front/8MP Back Camera, Touch ID, All-Day Battery Life – Space Gray",2023-06,$28.47,5.0,No
B09G9FPHY6,"Apple iPad (9th Generation): with A13 Bionic chip, 10.2-inch Retina Display, 64GB, Wi-Fi, 12MP front/8MP Back Camera, Touch ID, All-Day Battery Life – Space Gray",2023-07,$28.47,4.9,No
B09G9FPHY6,"Apple iPad (9th Generation): with A13 Bionic chip, 10.2-inch Retina Display, 64GB, Wi-Fi, 12MP front/8MP Back Camera, Touch ID, All-Day Battery Life – Space Gray",2023-08,$28.65,4.6,No
B09G9FPHY6,"Apple iPad (9th Generation): with A13 Bionic chip, 10.2-inch Retina Display, 64GB, Wi-Fi, 12MP front/8MP Back Camera, Touch ID, All-Day Battery Life – Space Gray",2023-09,$29.12,4.6,No
B09G9FPHY6,"Apple iPad (9th Generation): with A13 Bionic chip, 10.2-inch Retina Display, 64GB, Wi-Fi, 12MP front/8MP Back Camera, Touch ID, All-Day Battery Life – Space Gray",2023-10,$30.40,5.0,No
B09G9FPHY6,"Apple iPad (9th Generation): with A13 Bionic chip, 10.2-inch Retina Display, 64GB, Wi-Fi, 12MP front/8MP Back Camera, Touch ID, All-Day Battery Life – Space Gray",2023-11,$28.36,4.6,No
B09G9FPHY6,"Apple iPad (9th Generation): with A13 Bionic chip, 10.2-inch Retina Display, 64GB, Wi-Fi, 12MP front/8MP Back Camera, Touch ID, All-Day Battery Life – Space Gray",2023-12,$27.47,5.0,No
B09G9FPHY6,"Apple iPad (9th Generation): with A13 Bionic chip, 10.2-inch Retina Display, 64GB, Wi-Fi, 12MP front/8MP Back Camera, Touch ID, All-Day Battery Life – Space Gray",2024-01,$29.41,4.7,No
B09G9FPHY6,"Apple iPad (9th Generation): with A13 Bionic chip, 10.2-inch Retina Display, 64GB, Wi-Fi, 12MP front/8MP Back Camera, Touch ID, All-Day Battery Life – Space Gray",2024-02,$29.81,5.0,No
B09G9FPHY6,"Apple iPad (9th Generation): with A13 Bionic chip, 10.2-inch Retina Display, 64GB, Wi-Fi, 12MP front/8MP Back Camera, Touch ID, All-Day Battery Life – Space Gray",2024-03,$32.50,5.0,No
B09G9FPHY6,"Apple iPad (9th Generation): with A13 Bionic chip, 10.2-inch Retina Display, 64GB, Wi-Fi, 12MP front/8MP Back Camera, Touch ID, All-Day Battery Life – Space Gray",2024-04,$29.67,5.0,No
B09G9FPHY6,"Apple iPad (9th Generation): with A13 Bionic chip, 10.2-inch Retina Display, 64GB, Wi-Fi, 12MP front/8MP Back Camera, Touch ID, All-Day Battery Life – Space Gray",2024-05,$31.66,5.0,No
B09G9FPHY6,"Apple iPad (9th Generation): with A13 Bionic chip, 10.2-inch Retina Display, 64GB, Wi-Fi, 12MP front/8MP Back Camera, Touch ID, All-Day Battery Life – Space Gray",2024-06,$32.19,5.0,No
B09G9FPHY6,"Apple iPad (9th Generation): with A13 Bionic chip, 10.2-inch Retina Display, 64GB, Wi-Fi, 12MP front/8MP Back Camera, Touch ID, All-Day Battery Life – Space Gray",2024-07,$31.94,5.0,No
B09G9FPHY6,"Apple iPad (9th Generation): with A13 Bionic chip, 10.2-inch Retina Display, 64GB, Wi-Fi, 12MP front/8MP Back Camera, Touch ID, All-Day Battery Life – Space Gray",2024-08,$28.44,5.0,No
B09G9FPHY6,"Apple iPad (9th Generation): with A13 Bionic chip, 10.2-inch Retina Display, 64GB, Wi-Fi, 12MP front/8MP Back Camera, Touch ID, All-Day Battery Life – Space Gray",2024-09,$32.08,4.8,No
B09G9FPHY6,"Apple iPad (9th Generation): with A13 Bionic chip, 10.2-inch Retina Display, 64GB, Wi-Fi, 12MP front/8MP Back Camera, Touch ID, All-Day Battery Life – Space Gray",2024-10,$30.57,5.0,No
B09G9FPHY6,"Apple iPad (9th Generation): with A13 Bionic chip, 10.2-inch Retina Display, 64GB, Wi-Fi, 12MP front/8MP Back Camera, Touch ID, All-Day Battery Life – Space Gray",2024-11,$28.21,5.0,No
B09G9FPHY6,"Apple iPad (9th Generation): with A13 Bionic chip, 10.2-inch Retina Display, 64GB, Wi-Fi, 12MP front/8MP Back Camera, Touch ID, All-Day Battery Life – Space Gray",2024-12,$29.34,4.8,No
B00NLZUM36,"Redragon S101 Gaming Keyboard, M601 Mouse, RGB Backlit Gaming Keyboard, Programmable Backlit Mouse, Value Combo Set [New Version]",2015-01,$28.73,5.0,No
B00NLZUM36,"Redragon S101 Gaming Keyboard, M601 Mouse, RGB Backlit Gaming Keyboard, Programmable Backlit Mouse, Value Combo Set [New Version]",2015-02,$28.93,4.6,No
B00NLZUM36,"Redragon S101 Gaming Keyboard, M601 Mouse, RGB Backlit Gaming Keyboard, Programmable Backlit Mouse, Value Combo Set [New Version]",2015-03,$31.14,5.0,No
B00NLZUM36,"Redragon S101 Gaming Keyboard, M601 Mouse, RGB Backlit Gaming Keyboard, Programmable Backlit Mouse, Value Combo Set [New Version]",2015-04,$32.48,5.0,No
B00NLZUM36,"Redragon S101 Gaming Keyboard, M601 Mouse, RGB Backlit Gaming Keyboard, Programmable Backlit Mouse, Value Combo Set [New Version]",2015-05,$31.11,5.0,No
B00NLZUM36,"Redragon S101 Gaming Keyboard, M601 Mouse, RGB Backlit Gaming Keyboard, Programmable Backlit Mouse, Value Combo Set [New Version]",2015-06,$27.23,4.8,No
B00NLZUM36,"Redragon S101 Gaming Keyboard, M601 Mouse, RGB Backlit Gaming Keyboard, Programmable Backlit Mouse, Value Combo Set [New Version]",2015-07,$29.94,4.5,No
B00NLZUM36,"Redragon S101 Gaming Keyboard, M601 Mouse, RGB Backlit Gaming Keyboard, Programmable Backlit Mouse, Value Combo Set [New Version]",2015-08,$29.43,4.9,No
B00NLZUM36,"Redragon S101 Gaming Keyboard, M601 Mouse, RGB Backlit Gaming Keyboard, Programmable Backlit Mouse, Value Combo Set [New Version]",2015-09,$31.63,5.0,No
B00NLZUM36,"Redragon S101 Gaming Keyboard, M601 Mouse, RGB Backlit Gaming Keyboard, Programmable Backlit Mouse, Value Combo Set [New Version]",2015-10,$27.20,5.0,No
B00NLZUM36,"Redragon S101 Gaming Keyboard, M601 Mouse, RGB Backlit Gaming Keyboard, Programmable Backlit Mouse, Value Combo Set [New Version]",2015-11,$29.11,5.0,No
B00NLZUM36,"Redragon S101 Gaming Keyboard, M601 Mouse, RGB Backlit Gaming Keyboard, Programmable Backlit Mouse, Value Combo Set [New Version]",2015-12,$28.81,5.0,No
B00NLZUM36,"Redragon S101 Gaming Keyboard, M601 Mouse, RGB Backlit Gaming Keyboard, Programmable Backlit Mouse, Value Combo Set [New Version]",2016-01,$29.34,5.0,No
B00NLZUM36,"Redragon S101 Gaming Keyboard, M601 Mouse, RGB Backlit Gaming Keyboard, Programmable Backlit Mouse, Value Combo Set [New Version]",2016-02,$32.27,5.0,No
B00NLZUM36,"Redragon S101 Gaming Keyboard, M601 Mouse, RGB Backlit Gaming Keyboard, Programmable Backlit Mouse, Value Combo Set [New Version]",2016-03,$32.00,4.9,No
B00NLZUM36,"Redragon S101 Gaming Keyboard, M601 Mouse, RGB Backlit Gaming Keyboard, Programmable Backlit Mouse, Value Combo Set [New Version]",2016-04,$32.79,4.7,No
B00NLZUM36,"Redragon S101 Gaming Keyboard, M601 Mouse, RGB Backlit Gaming Keyboard, Programmable Backlit Mouse, Value Combo Set [New Version]",2016-05,$28.93,4.5,No
B00NLZUM36,"Redragon S101 Gaming Keyboard, M601 Mouse, RGB Backlit Gaming Keyboard, Programmable Backlit Mouse, Value Combo Set [New Version]",2016-06,$27.01,4.7,No
B00NLZUM36,"Redragon S101 Gaming Keyboard, M601 Mouse, RGB Backlit Gaming Keyboard, Programmable Backlit Mouse, Value Combo Set [New Version]",2016-07,$28.95,5.0,No
B00NLZUM36,"Redragon S101 Gaming Keyboard, M601 Mouse, RGB Backlit Gaming Keyboard, Programmable Backlit Mouse, Value Combo Set [New Version]",2016-08,$30.46,4.9,No
B00NLZUM36,"Redragon S101 Gaming Keyboard, M601 Mouse, RGB Backlit Gaming Keyboard, Programmable Backlit Mouse, Value Combo Set [New Version]",2016-09,$32.69,4.6,No
B00NLZUM36,"Redragon S101 Gaming Keyboard, M601 Mouse, RGB Backlit Gaming Keyboard, Programmable Backlit Mouse, Value Combo Set [New Version]",2016-10,$27.94,4.9,No
B00NLZUM36,"Redragon S101 Gaming Keyboard, M601 Mouse, RGB Backlit Gaming Keyboard, Programmable Backlit Mouse, Value Combo Set [New Version]",2016-11,$27.98,4.6,No
B00NLZUM36,"Redragon S101 Gaming Keyboard, M601 Mouse, RGB Backlit Gaming Keyboard, Programmable Backlit Mouse, Value Combo Set [New Version]",2016-12,$31.54,5.0,No
B00NLZUM36,"Redragon S101 Gaming Keyboard, M601 Mouse, RGB Backlit Gaming Keyboard, Programmable Backlit Mouse, Value Combo Set [New Version]",2017-01,$31.29,4.6,No
B00NLZUM36,"Redragon S101 Gaming Keyboard, M601 Mouse, RGB Backlit Gaming Keyboard, Programmable Backlit Mouse, Value Combo Set [New Version]",2017-02,$32.24,5.0,No
B00NLZUM36,"Redragon S101 Gaming Keyboard, M601 Mouse, RGB Backlit Gaming Keyboard, Programmable Backlit Mouse, Value Combo Set [New Version]",2017-03,$29.08,5.0,No
B00NLZUM36,"Redragon S101 Gaming Keyboard, M601 Mouse, RGB Backlit Gaming Keyboard, Programmable Backlit Mouse, Value Combo Set [New Version]",2017-04,$28.83,5.0,No
B00NLZUM36,"Redragon S101 Gaming Keyboard, M601 Mouse, RGB Backlit Gaming Keyboard, Programmable Backlit Mouse, Value Combo Set [New Version]",2017-05,$27.78,4.7,No
B00NLZUM36,"Redragon S101 Gaming Keyboard, M601 Mouse, RGB Backlit Gaming Keyboard, Programmable Backlit Mouse, Value Combo Set [New Version]",2017-06,$29.28,4.5,No
B00NLZUM36,"Redragon S101 Gaming Keyboard, M601 Mouse, RGB Backlit Gaming Keyboard, Programmable Backlit Mouse, Value Combo Set [New Version]",2017-07,$31.08,5.0,No
B00NLZUM36,"Redragon S101 Gaming Keyboard, M601 Mouse, RGB Backlit Gaming Keyboard, Programmable Backlit Mouse, Value Combo Set [New Version]",2017-08,$29.93,5.0,No
B00NLZUM36,"Redragon S101 Gaming Keyboard, M601 Mouse, RGB Backlit Gaming Keyboard, Programmable Backlit Mouse, Value Combo Set [New Version]",2017-09,$30.38,4.9,No
B00NLZUM36,"Redragon S101 Gaming Keyboard, M601 Mouse, RGB Backlit Gaming Keyboard, Programmable Backlit Mouse, Value Combo Set [New Version]",2017-10,$30.02,4.9,No
B00NLZUM36,"Redragon S101 Gaming Keyboard, M601 Mouse, RGB Backlit Gaming Keyboard, Programmable Backlit Mouse, Value Combo Set [New Version]",2017-11,$31.93,4.8,No
B00NLZUM36,"Redragon S101 Gaming Keyboard, M601 Mouse, RGB Backlit Gaming Keyboard, Programmable Backlit Mouse, Value Combo Set [New Version]",2017-12,$31.26,4.5,No
B00NLZUM36,"Redragon S101 Gaming Keyboard, M601 Mouse, RGB Backlit Gaming Keyboard, Programmable Backlit Mouse, Value Combo Set [New Version]",2018-01,$27.76,5.0,No
B00NLZUM36,"Redragon S101 Gaming Keyboard, M601 Mouse, RGB Backlit Gaming Keyboard, Programmable Backlit Mouse, Value Combo Set [New Version]",2018-02,$32.26,5.0,No
B00NLZUM36,"Redragon S101 Gaming Keyboard, M601 Mouse, RGB Backlit Gaming Keyboard, Programmable Backlit Mouse, Value Combo Set [New Version]",2018-03,$32.31,5.0,No
B00NLZUM36,"Redragon S101 Gaming Keyboard, M601 Mouse, RGB Backlit Gaming Keyboard, Programmable Backlit Mouse, Value Combo Set [New Version]",2018-04,$29.72,4.6,No
B00NLZUM36,"Redragon S101 Gaming Keyboard, M601 Mouse, RGB Backlit Gaming Keyboard, Programmable Backlit Mouse, Value Combo Set [New Version]",2018-05,$32.51,5.0,No
B00NLZUM36,"Redragon S101 Gaming Keyboard, M601 Mouse, RGB Backlit Gaming Keyboard, Programmable Backlit Mouse, Value Combo Set [New Version]",2018-06,$28.26,4.9,No
B00NLZUM36,"Redragon S101 Gaming Keyboard, M601 Mouse, RGB Backlit Gaming Keyboard, Programmable Backlit Mouse, Value Combo Set [New Version]",2018-07,$28.47,5.0,No
B00NLZUM36,"Redragon S101 Gaming Keyboard, M601 Mouse, RGB Backlit Gaming Keyboard, Programmable Backlit Mouse, Value Combo Set [New Version]",2018-08,$31.68,5.0,No
B00NLZUM36,"Redragon S101 Gaming Keyboard, M601 Mouse, RGB Backlit Gaming Keyboard, Programmable Backlit Mouse, Value Combo Set [New Version]",2018-09,$29.25,4.8,No
B00NLZUM36,"Redragon S101 Gaming Keyboard, M601 Mouse, RGB Backlit Gaming Keyboard, Programmable Backlit Mouse, Value Combo Set [New Version]",2018-10,$30.42,5.0,No
B00NLZUM36,"Redragon S101 Gaming Keyboard, M601 Mouse, RGB Backlit Gaming Keyboard, Programmable Backlit Mouse, Value Combo Set [New Version]",2018-11,$28.41,5.0,No
B00NLZUM36,"Redragon S101 Gaming Keyboard, M601 Mouse, RGB Backlit Gaming Keyboard, Programmable Backlit Mouse, Value Combo Set [New Version]",2018-12,$28.71,4.8,No
B00NLZUM36,"Redragon S101 Gaming Keyboard, M601 Mouse, RGB Backlit Gaming Keyboard, Programmable Backlit Mouse, Value Combo Set [New Version]",2019-01,$29.01,5.0,No
B00NLZUM36,"Redragon S101 Gaming Keyboard, M601 Mouse, RGB Backlit Gaming Keyboard, Programmable Backlit Mouse, Value Combo Set [New Version]",2019-02,$32.40,4.9,No
B00NLZUM36,"Redragon S101 Gaming Keyboard, M601 Mouse, RGB Backlit Gaming Keyboard, Programmable Backlit Mouse, Value Combo Set [New Version]",2019-03,$28.93,4.9,No
B00NLZUM36,"Redragon S101 Gaming Keyboard, M601 Mouse, RGB Backlit Gaming Keyboard, Programmable Backlit Mouse, Value Combo Set [New Version]",2019-04,$32.96,4.9,No
B00NLZUM36,"Redragon S101 Gaming Keyboard, M601 Mouse, RGB Backlit Gaming Keyboard, Programmable Backlit Mouse, Value Combo Set [New Version]",2019-05,$27.00,5.0,No
B00NLZUM36,"Redragon S101 Gaming Keyboard, M601 Mouse, RGB Backlit Gaming Keyboard, Programmable Backlit Mouse, Value Combo Set [New Version]",2019-06,$28.76,5.0,No
B00NLZUM36,"Redragon S101 Gaming Keyboard, M601 Mouse, RGB Backlit Gaming Keyboard, Programmable Backlit Mouse, Value Combo Set [New Version]",2019-07,$32.32,4.6,No
B00NLZUM36,"Redragon S101 Gaming Keyboard, M601 Mouse, RGB Backlit Gaming Keyboard, Programmable Backlit Mouse, Value Combo Set [New Version]",2019-08,$29.07,4.7,No
B00NLZUM36,"Redragon S101 Gaming Keyboard, M601 Mouse, RGB Backlit Gaming Keyboard, Programmable Backlit Mouse, Value Combo Set [New Version]",2019-09,$29.06,5.0,No
B00NLZUM36,"Redragon S101 Gaming Keyboard, M601 Mouse, RGB Backlit Gaming Keyboard, Programmable Backlit Mouse, Value Combo Set [New Version]",2019-10,$32.93,4.6,No
B00NLZUM36,"Redragon S101 Gaming Keyboard, M601 Mouse, RGB Backlit Gaming Keyboard, Programmable Backlit Mouse, Value Combo Set [New Version]",2019-11,$29.58,5.0,No
B00NLZUM36,"Redragon S101 Gaming Keyboard, M601 Mouse, RGB Backlit Gaming Keyboard, Programmable Backlit Mouse, Value Combo Set [New Version]",2019-12,$28.65,4.7,No
B00NLZUM36,"Redragon S101 Gaming Keyboard, M601 Mouse, RGB Backlit Gaming Keyboard, Programmable Backlit Mouse, Value Combo Set [New Version]",2020-01,$30.43,4.7,No
B00NLZUM36,"Redragon S101 Gaming Keyboard, M601 Mouse, RGB Backlit Gaming Keyboard, Programmable Backlit Mouse, Value Combo Set [New Version]",2020-02,$27.62,4.9,No
B00NLZUM36,"Redragon S101 Gaming Keyboard, M601 Mouse, RGB Backlit Gaming Keyboard, Programmable Backlit Mouse, Value Combo Set [New Version]",2020-03,$31.50,5.0,No
B00NLZUM36,"Redragon S101 Gaming Keyboard, M601 Mouse, RGB Backlit Gaming Keyboard, Programmable Backlit Mouse, Value Combo Set [New Version]",2020-04,$32.89,5.0,No
B00NLZUM36,"Redragon S101 Gaming Keyboard, M601 Mouse, RGB Backlit Gaming Keyboard, Programmable Backlit Mouse, Value Combo Set [New Version]",2020-05,$28.86,4.8,No
B00NLZUM36,"Redragon S101 Gaming Keyboard, M601 Mouse, RGB Backlit Gaming Keyboard, Programmable Backlit Mouse, Value Combo Set [New Version]",2020-06,$28.97,5.0,No
B00NLZUM36,"Redragon S101 Gaming Keyboard, M601 Mouse, RGB Backlit Gaming Keyboard, Programmable Backlit Mouse, Value Combo Set [New Version]",2020-07,$28.52,5.0,No
B00NLZUM36,"Redragon S101 Gaming Keyboard, M601 Mouse, RGB Backlit Gaming Keyboard, Programmable Backlit Mouse, Value Combo Set [New Version]",2020-08,$31.98,5.0,No
B00NLZUM36,"Redragon S101 Gaming Keyboard, M601 Mouse, RGB Backlit Gaming Keyboard, Programmable Backlit Mouse, Value Combo Set [New Version]",2020-09,$32.46,5.0,No
B00NLZUM36,"Redragon S101 Gaming Keyboard, M601 Mouse, RGB Backlit Gaming Keyboard, Programmable Backlit Mouse, Value Combo Set [New Version]",2020-10,$30.15,4.6,No
B00NLZUM36,"Redragon S101 Gaming Keyboard, M601 Mouse, RGB Backlit Gaming Keyboard, Programmable Backlit Mouse, Value Combo Set [New Version]",2020-11,$29.40,4.9,No
B00NLZUM36,"Redragon S101 Gaming Keyboard, M601 Mouse, RGB Backlit Gaming Keyboard, Programmable Backlit Mouse, Value Combo Set [New Version]",2020-12,$32.20,5.0,No
B00NLZUM36,"Redragon S101 Gaming Keyboard, M601 Mouse, RGB Backlit Gaming Keyboard, Programmable Backlit Mouse, Value Combo Set [New Version]",2021-01,$29.63,4.9,No
B00NLZUM36,"Redragon S101 Gaming Keyboard, M601 Mouse, RGB Backlit Gaming Keyboard, Programmable Backlit Mouse, Value Combo Set [New Version]",2021-02,$30.46,4.6,No
B00NLZUM36,"Redragon S101 Gaming Keyboard, M601 Mouse, RGB Backlit Gaming Keyboard, Programmable Backlit Mouse, Value Combo Set [New Version]",2021-03,$32.31,5.0,No
B00NLZUM36,"Redragon S101 Gaming Keyboard, M601 Mouse, RGB Backlit Gaming Keyboard, Programmable Backlit Mouse, Value Combo Set [New Version]",2021-04,$27.38,5.0,No
B00NLZUM36,"Redragon S101 Gaming Keyboard, M601 Mouse, RGB Backlit Gaming Keyboard, Programmable Backlit Mouse, Value Combo Set [New Version]",2021-05,$27.56,4.6,No
B00NLZUM36,"Redragon S101 Gaming Keyboard, M601 Mouse, RGB Backlit Gaming Keyboard, Programmable Backlit Mouse, Value Combo Set [New Version]",2021-06,$27.98,5.0,No
B00NLZUM36,"Redragon S101 Gaming Keyboard, M601 Mouse, RGB Backlit Gaming Keyboard, Programmable Backlit Mouse, Value Combo Set [New Version]",2021-07,$28.20,5.0,No
B00NLZUM36,"Redragon S101 Gaming Keyboard, M601 Mouse, RGB Backlit Gaming Keyboard, Programmable Backlit Mouse, Value Combo Set [New Version]",2021-08,$27.53,4.8,No
B00NLZUM36,"Redragon S101 Gaming Keyboard, M601 Mouse, RGB Backlit Gaming Keyboard, Programmable Backlit Mouse, Value Combo Set [New Version]",2021-09,$30.85,5.0,No
B00NLZUM36,"Redragon S101 Gaming Keyboard, M601 Mouse, RGB Backlit Gaming Keyboard, Programmable Backlit Mouse, Value Combo Set [New Version]",2021-10,$29.70,4.7,No
B00NLZUM36,"Redragon S101 Gaming Keyboard, M601 Mouse, RGB Backlit Gaming Keyboard, Programmable Backlit Mouse, Value Combo Set [New Version]",2021-11,$28.96,4.9,No
B00NLZUM36,"Redragon S101 Gaming Keyboard, M601 Mouse, RGB Backlit Gaming Keyboard, Programmable Backlit Mouse, Value Combo Set [New Version]",2021-12,$28.04,5.0,No
B00NLZUM36,"Redragon S101 Gaming Keyboard, M601 Mouse, RGB Backlit Gaming Keyboard, Programmable Backlit Mouse, Value Combo Set [New Version]",2022-01,$28.66,4.6,No
B00NLZUM36,"Redragon S101 Gaming Keyboard, M601 Mouse, RGB Backlit Gaming Keyboard, Programmable Backlit Mouse, Value Combo Set [New Version]",2022-02,$31.34,5.0,No
B00NLZUM36,"Redragon S101 Gaming Keyboard, M601 Mouse, RGB Backlit Gaming Keyboard, Programmable Backlit Mouse, Value Combo Set [New Version]",2022-03,$29.45,5.0,No
B00NLZUM36,"Redragon S101 Gaming Keyboard, M601 Mouse, RGB Backlit Gaming Keyboard, Programmable Backlit Mouse, Value Combo Set [New Version]",2022-04,$32.81,4.7,No
B00NLZUM36,"Redragon S101 Gaming Keyboard, M601 Mouse, RGB Backlit Gaming Keyboard, Programmable Backlit Mouse, Value Combo Set [New Version]",2022-05,$31.17,4.9,No
B00NLZUM36,"Redragon S101 Gaming Keyboard, M601 Mouse, RGB Backlit Gaming Keyboard, Programmable Backlit Mouse, Value Combo Set [New Version]",2022-06,$28.85,5.0,No
B00NLZUM36,"Redragon S101 Gaming Keyboard, M601 Mouse, RGB Backlit Gaming Keyboard, Programmable Backlit Mouse, Value Combo Set [New Version]",2022-07,$28.58,4.5,No
B00NLZUM36,"Redragon S101 Gaming Keyboard, M601 Mouse, RGB Backlit Gaming Keyboard, Programmable Backlit Mouse, Value Combo Set [New Version]",2022-08,$32.59,5.0,No
B00NLZUM36,"Redragon S101 Gaming Keyboard, M601 Mouse, RGB Backlit Gaming Keyboard, Programmable Backlit Mouse, Value Combo Set [New Version]",2022-09,$30.06,4.6,No
B00NLZUM36,"Redragon S101 Gaming Keyboard, M601 Mouse, RGB Backlit Gaming Keyboard, Programmable Backlit Mouse, Value Combo Set [New Version]",2022-10,$28.36,4.9,No
B00NLZUM36,"Redragon S101 Gaming Keyboard, M601 Mouse, RGB Backlit Gaming Keyboard, Programmable Backlit Mouse, Value Combo Set [New Version]",2022-11,$30.56,5.0,No
B00NLZUM36,"Redragon S101 Gaming Keyboard, M601 Mouse, RGB Backlit Gaming Keyboard, Programmable Backlit Mouse, Value Combo Set [New Version]",2022-12,$31.58,5.0,No
B00NLZUM36,"Redragon S101 Gaming Keyboard, M601 Mouse, RGB Backlit Gaming Keyboard, Programmable Backlit Mouse, Value Combo Set [New Version]",2023-01,$30.77,4.6,No
B00NLZUM36,"Redragon S101 Gaming Keyboard, M601 Mouse, RGB Backlit Gaming Keyboard, Programmable Backlit Mouse, Value Combo Set [New Version]",2023-02,$28.40,4.6,No
B00NLZUM36,"Redragon S101 Gaming Keyboard, M601 Mouse, RGB Backlit Gaming Keyboard, Programmable Backlit Mouse, Value Combo Set [New Version]",2023-03,$30.42,4.7,No
B00NLZUM36,"Redragon S101 Gaming Keyboard, M601 Mouse, RGB Backlit Gaming Keyboard, Programmable Backlit Mouse, Value Combo Set [New Version]",2023-04,$27.64,4.9,No
B00NLZUM36,"Redragon S101 Gaming Keyboard, M601 Mouse, RGB Backlit Gaming Keyboard, Programmable Backlit Mouse, Value Combo Set [New Version]",2023-05,$32.17,4.9,No
B00NLZUM36,"Redragon S101 Gaming Keyboard, M601 Mouse, RGB Backlit Gaming Keyboard, Programmable Backlit Mouse, Value Combo Set [New Version]",2023-06,$29.77,5.0,No
B00NLZUM36,"Redragon S101 Gaming Keyboard, M601 Mouse, RGB Backlit Gaming Keyboard, Programmable Backlit Mouse, Value Combo Set [New Version]",2023-07,$28.93,5.0,No
B00NLZUM36,"Redragon S101 Gaming Keyboard, M601 Mouse, RGB Backlit Gaming Keyboard, Programmable Backlit Mouse, Value Combo Set [New Version]",2023-08,$29.93,5.0,No
B00NLZUM36,"Redragon S101 Gaming Keyboard, M601 Mouse, RGB Backlit Gaming Keyboard, Programmable Backlit Mouse, Value Combo Set [New Version]",2023-09,$29.17,5.0,No
B00NLZUM36,"Redragon S101 Gaming Keyboard, M601 Mouse, RGB Backlit Gaming Keyboard, Programmable Backlit Mouse, Value Combo Set [New Version]",2023-10,$28.78,5.0,No
B00NLZUM36,"Redragon S101 Gaming Keyboard, M601 Mouse, RGB Backlit Gaming Keyboard, Programmable Backlit Mouse, Value Combo Set [New Version]",2023-11,$29.07,4.8,No
B00NLZUM36,"Redragon S101 Gaming Keyboard, M601 Mouse, RGB Backlit Gaming Keyboard, Programmable Backlit Mouse, Value Combo Set [New Version]",2023-12,$28.15,5.0,No
B00NLZUM36,"Redragon S101 Gaming Keyboard, M601 Mouse, RGB Backlit Gaming Keyboard, Programmable Backlit Mouse, Value Combo Set [New Version]",2024-01,$30.85,5.0,No
B00NLZUM36,"Redragon S101 Gaming Keyboard, M601 Mouse, RGB Backlit Gaming Keyboard, Programmable Backlit Mouse, Value Combo Set [New Version]",2024-02,$27.49,5.0,No
B00NLZUM36,"Redragon S101 Gaming Keyboard, M601 Mouse, RGB Backlit Gaming Keyboard, Programmable Backlit Mouse, Value Combo Set [New Version]",2024-03,$32.26,5.0,No
B00NLZUM36,"Redragon S101 Gaming Keyboard, M601 Mouse, RGB Backlit Gaming Keyboard, Programmable Backlit Mouse, Value Combo Set [New Version]",2024-04,$29.82,4.6,No
B00NLZUM36,"Redragon S101 Gaming Keyboard, M601 Mouse, RGB Backlit Gaming Keyboard, Programmable Backlit Mouse, Value Combo Set [New Version]",2024-05,$29.02,5.0,No
B00NLZUM36,"Redragon S101 Gaming Keyboard, M601 Mouse, RGB Backlit Gaming Keyboard, Programmable Backlit Mouse, Value Combo Set [New Version]",2024-06,$29.27,5.0,No
B00NLZUM36,"Redragon S101 Gaming Keyboard, M601 Mouse, RGB Backlit Gaming Keyboard, Programmable Backlit Mouse, Value Combo Set [New Version]",2024-07,$29.29,5.0,No
B00NLZUM36,"Redragon S101 Gaming Keyboard, M601 Mouse, RGB Backlit Gaming Keyboard, Programmable Backlit Mouse, Value Combo Set [New Version]",2024-08,$30.83,4.9,No
B00NLZUM36,"Redragon S101 Gaming Keyboard, M601 Mouse, RGB Backlit Gaming Keyboard, Programmable Backlit Mouse, Value Combo Set [New Version]",2024-09,$27.46,5.0,No
B00NLZUM36,"Redragon S101 Gaming Keyboard, M601 Mouse, RGB Backlit Gaming Keyboard, Programmable Backlit Mouse, Value Combo Set [New Version]",2024-10,$31.86,4.5,No
B00NLZUM36,"Redragon S101 Gaming Keyboard, M601 Mouse, RGB Backlit Gaming Keyboard, Programmable Backlit Mouse, Value Combo Set [New Version]",2024-11,$27.68,4.9,No
B00NLZUM36,"Redragon S101 Gaming Keyboard, M601 Mouse, RGB Backlit Gaming Keyboard, Programmable Backlit Mouse, Value Combo Set [New Version]",2024-12,$28.43,4.7,No
B00NLZUM36,"Redragon S101 Gaming Keyboard, M601 Mouse, RGB Backlit Gaming Keyboard, Programmable Backlit Mouse, Value Combo Set [New Version]",2015-01,$28.73,5.0,No
B00NLZUM36,"Redragon S101 Gaming Keyboard, M601 Mouse, RGB Backlit Gaming Keyboard, Programmable Backlit Mouse, Value Combo Set [New Version]",2015-02,$28.93,4.6,No
B00NLZUM36,"Redragon S101 Gaming Keyboard, M601 Mouse, RGB Backlit Gaming Keyboard, Programmable Backlit Mouse, Value Combo Set [New Version]",2015-03,$31.14,5.0,No
B00NLZUM36,"Redragon S101 Gaming Keyboard, M601 Mouse, RGB Backlit Gaming Keyboard, Programmable Backlit Mouse, Value Combo Set [New Version]",2015-04,$32.48,5.0,No
B00NLZUM36,"Redragon S101 Gaming Keyboard, M601 Mouse, RGB Backlit Gaming Keyboard, Programmable Backlit Mouse, Value Combo Set [New Version]",2015-05,$31.11,5.0,No
B00NLZUM36,"Redragon S101 Gaming Keyboard, M601 Mouse, RGB Backlit Gaming Keyboard, Programmable Backlit Mouse, Value Combo Set [New Version]",2015-06,$27.23,4.8,No
B00NLZUM36,"Redragon S101 Gaming Keyboard, M601 Mouse, RGB Backlit Gaming Keyboard, Programmable Backlit Mouse, Value Combo Set [New Version]",2015-07,$29.94,4.5,No
B00NLZUM36,"Redragon S101 Gaming Keyboard, M601 Mouse, RGB Backlit Gaming Keyboard, Programmable Backlit Mouse, Value Combo Set [New Version]",2015-08,$29.43,4.9,No
B00NLZUM36,"Redragon S101 Gaming Keyboard, M601 Mouse, RGB Backlit Gaming Keyboard, Programmable Backlit Mouse, Value Combo Set [New Version]",2015-09,$31.63,5.0,No
B00NLZUM36,"Redragon S101 Gaming Keyboard, M601 Mouse, RGB Backlit Gaming Keyboard, Programmable Backlit Mouse, Value Combo Set [New Version]",2015-10,$27.20,5.0,No
B00NLZUM36,"Redragon S101 Gaming Keyboard, M601 Mouse, RGB Backlit Gaming Keyboard, Programmable Backlit Mouse, Value Combo Set [New Version]",2015-11,$29.11,5.0,No
B00NLZUM36,"Redragon S101 Gaming Keyboard, M601 Mouse, RGB Backlit Gaming Keyboard, Programmable Backlit Mouse, Value Combo Set [New Version]",2015-12,$28.81,5.0,No
B00NLZUM36,"Redragon S101 Gaming Keyboard, M601 Mouse, RGB Backlit Gaming Keyboard, Programmable Backlit Mouse, Value Combo Set [New Version]",2016-01,$29.34,5.0,No
B00NLZUM36,"Redragon S101 Gaming Keyboard, M601 Mouse, RGB Backlit Gaming Keyboard, Programmable Backlit Mouse, Value Combo Set [New Version]",2016-02,$32.27,5.0,No
B00NLZUM36,"Redragon S101 Gaming Keyboard, M601 Mouse, RGB Backlit Gaming Keyboard, Programmable Backlit Mouse, Value Combo Set [New Version]",2016-03,$32.00,4.9,No
B00NLZUM36,"Redragon S101 Gaming Keyboard, M601 Mouse, RGB Backlit Gaming Keyboard, Programmable Backlit Mouse, Value Combo Set [New Version]",2016-04,$32.79,4.7,No
B00NLZUM36,"Redragon S101 Gaming Keyboard, M601 Mouse, RGB Backlit Gaming Keyboard, Programmable Backlit Mouse, Value Combo Set [New Version]",2016-05,$28.93,4.5,No
B00NLZUM36,"Redragon S101 Gaming Keyboard, M601 Mouse, RGB Backlit Gaming Keyboard, Programmable Backlit Mouse, Value Combo Set [New Version]",2016-06,$27.01,4.7,No
B00NLZUM36,"Redragon S101 Gaming Keyboard, M601 Mouse, RGB Backlit Gaming Keyboard, Programmable Backlit Mouse, Value Combo Set [New Version]",2016-07,$28.95,5.0,No
B00NLZUM36,"Redragon S101 Gaming Keyboard, M601 Mouse, RGB Backlit Gaming Keyboard, Programmable Backlit Mouse, Value Combo Set [New Version]",2016-08,$30.46,4.9,No
B00NLZUM36,"Redragon S101 Gaming Keyboard, M601 Mouse, RGB Backlit Gaming Keyboard, Programmable Backlit Mouse, Value Combo Set [New Version]",2016-09,$32.69,4.6,No
B00NLZUM36,"Redragon S101 Gaming Keyboard, M601 Mouse, RGB Backlit Gaming Keyboard, Programmable Backlit Mouse, Value Combo Set [New Version]",2016-10,$27.94,4.9,No
B00NLZUM36,"Redragon S101 Gaming Keyboard, M601 Mouse, RGB Backlit Gaming Keyboard, Programmable Backlit Mouse, Value Combo Set [New Version]",2016-11,$27.98,4.6,No
B00NLZUM36,"Redragon S101 Gaming Keyboard, M601 Mouse, RGB Backlit Gaming Keyboard, Programmable Backlit Mouse, Value Combo Set [New Version]",2016-12,$31.54,5.0,No
B00NLZUM36,"Redragon S101 Gaming Keyboard, M601 Mouse, RGB Backlit Gaming Keyboard, Programmable Backlit Mouse, Value Combo Set [New Version]",2017-01,$31.29,4.6,No
B00NLZUM36,"Redragon S101 Gaming Keyboard, M601 Mouse, RGB Backlit Gaming Keyboard, Programmable Backlit Mouse, Value Combo Set [New Version]",2017-02,$32.24,5.0,No
B00NLZUM36,"Redragon S101 Gaming Keyboard, M601 Mouse, RGB Backlit Gaming Keyboard, Programmable Backlit Mouse, Value Combo Set [New Version]",2017-03,$29.08,5.0,No
B00NLZUM36,"Redragon S101 Gaming Keyboard, M601 Mouse, RGB Backlit Gaming Keyboard, Programmable Backlit Mouse, Value Combo Set [New Version]",2017-04,$28.83,5.0,No
B00NLZUM36,"Redragon S101 Gaming Keyboard, M601 Mouse, RGB Backlit Gaming Keyboard, Programmable Backlit Mouse, Value Combo Set [New Version]",2017-05,$27.78,4.7,No
B00NLZUM36,"Redragon S101 Gaming Keyboard, M601 Mouse, RGB Backlit Gaming Keyboard, Programmable Backlit Mouse, Value Combo Set [New Version]",2017-06,$29.28,4.5,No
B00NLZUM36,"Redragon S101 Gaming Keyboard, M601 Mouse, RGB Backlit Gaming Keyboard, Programmable Backlit Mouse, Value Combo Set [New Version]",2017-07,$31.08,5.0,No
B00NLZUM36,"Redragon S101 Gaming Keyboard, M601 Mouse, RGB Backlit Gaming Keyboard, Programmable Backlit Mouse, Value Combo Set [New Version]",2017-08,$29.93,5.0,No
B00NLZUM36,"Redragon S101 Gaming Keyboard, M601 Mouse, RGB Backlit Gaming Keyboard, Programmable Backlit Mouse, Value Combo Set [New Version]",2017-09,$30.38,4.9,No
B00NLZUM36,"Redragon S101 Gaming Keyboard, M601 Mouse, RGB Backlit Gaming Keyboard, Programmable Backlit Mouse, Value Combo Set [New Version]",2017-10,$30.02,4.9,No
B00NLZUM36,"Redragon S101 Gaming Keyboard, M601 Mouse, RGB Backlit Gaming Keyboard, Programmable Backlit Mouse, Value Combo Set [New Version]",2017-11,$31.93,4.8,No
B00NLZUM36,"Redragon S101 Gaming Keyboard, M601 Mouse, RGB Backlit Gaming Keyboard, Programmable Backlit Mouse, Value Combo Set [New Version]",2017-12,$31.26,4.5,No
B00NLZUM36,"Redragon S101 Gaming Keyboard, M601 Mouse, RGB Backlit Gaming Keyboard, Programmable Backlit Mouse, Value Combo Set [New Version]",2018-01,$27.76,5.0,No
B00NLZUM36,"Redragon S101 Gaming Keyboard, M601 Mouse, RGB Backlit Gaming Keyboard, Programmable Backlit Mouse, Value Combo Set [New Version]",2018-02,$32.26,5.0,No
B00NLZUM36,"Redragon S101 Gaming Keyboard, M601 Mouse, RGB Backlit Gaming Keyboard, Programmable Backlit Mouse, Value Combo Set [New Version]",2018-03,$32.31,5.0,No
B00NLZUM36,"Redragon S101 Gaming Keyboard, M601 Mouse, RGB Backlit Gaming Keyboard, Programmable Backlit Mouse, Value Combo Set [New Version]",2018-04,$29.72,4.6,No
B00NLZUM36,"Redragon S101 Gaming Keyboard, M601 Mouse, RGB Backlit Gaming Keyboard, Programmable Backlit Mouse, Value Combo Set [New Version]",2018-05,$32.51,5.0,No
B00NLZUM36,"Redragon S101 Gaming Keyboard, M601 Mouse, RGB Backlit Gaming Keyboard, Programmable Backlit Mouse, Value Combo Set [New Version]",2018-06,$28.26,4.9,No
B00NLZUM36,"Redragon S101 Gaming Keyboard, M601 Mouse, RGB Backlit Gaming Keyboard, Programmable Backlit Mouse, Value Combo Set [New Version]",2018-07,$28.47,5.0,No
B00NLZUM36,"Redragon S101 Gaming Keyboard, M601 Mouse, RGB Backlit Gaming Keyboard, Programmable Backlit Mouse, Value Combo Set [New Version]",2018-08,$31.68,5.0,No
B00NLZUM36,"Redragon S101 Gaming Keyboard, M601 Mouse, RGB Backlit Gaming Keyboard, Programmable Backlit Mouse, Value Combo Set [New Version]",2018-09,$29.25,4.8,No
B00NLZUM36,"Redragon S101 Gaming Keyboard, M601 Mouse, RGB Backlit Gaming Keyboard, Programmable Backlit Mouse, Value Combo Set [New Version]",2018-10,$30.42,5.0,No
B00NLZUM36,"Redragon S101 Gaming Keyboard, M601 Mouse, RGB Backlit Gaming Keyboard, Programmable Backlit Mouse, Value Combo Set [New Version]",2018-11,$28.41,5.0,No
B00NLZUM36,"Redragon S101 Gaming Keyboard, M601 Mouse, RGB Backlit Gaming Keyboard, Programmable Backlit Mouse, Value Combo Set [New Version]",2018-12,$28.71,4.8,No
B00NLZUM36,"Redragon S101 Gaming Keyboard, M601 Mouse, RGB Backlit Gaming Keyboard, Programmable Backlit Mouse, Value Combo Set [New Version]",2019-01,$29.01,5.0,No
B00NLZUM36,"Redragon S101 Gaming Keyboard, M601 Mouse, RGB Backlit Gaming Keyboard, Programmable Backlit Mouse, Value Combo Set [New Version]",2019-02,$32.40,4.9,No
B00NLZUM36,"Redragon S101 Gaming Keyboard, M601 Mouse, RGB Backlit Gaming Keyboard, Programmable Backlit Mouse, Value Combo Set [New Version]",2019-03,$28.93,4.9,No
B00NLZUM36,"Redragon S101 Gaming Keyboard, M601 Mouse, RGB Backlit Gaming Keyboard, Programmable Backlit Mouse, Value Combo Set [New Version]",2019-04,$32.96,4.9,No
B00NLZUM36,"Redragon S101 Gaming Keyboard, M601 Mouse, RGB Backlit Gaming Keyboard, Programmable Backlit Mouse, Value Combo Set [New Version]",2019-05,$27.00,5.0,No
B00NLZUM36,"Redragon S101 Gaming Keyboard, M601 Mouse, RGB Backlit Gaming Keyboard, Programmable Backlit Mouse, Value Combo Set [New Version]",2019-06,$28.76,5.0,No
B00NLZUM36,"Redragon S101 Gaming Keyboard, M601 Mouse, RGB Backlit Gaming Keyboard, Programmable Backlit Mouse, Value Combo Set [New Version]",2019-07,$32.32,4.6,No
B00NLZUM36,"Redragon S101 Gaming Keyboard, M601 Mouse, RGB Backlit Gaming Keyboard, Programmable Backlit Mouse, Value Combo Set [New Version]",2019-08,$29.07,4.7,No
B00NLZUM36,"Redragon S101 Gaming Keyboard, M601 Mouse, RGB Backlit Gaming Keyboard, Programmable Backlit Mouse, Value Combo Set [New Version]",2019-09,$29.06,5.0,No
B00NLZUM36,"Redragon S101 Gaming Keyboard, M601 Mouse, RGB Backlit Gaming Keyboard, Programmable Backlit Mouse, Value Combo Set [New Version]",2019-10,$32.93,4.6,No
B00NLZUM36,"Redragon S101 Gaming Keyboard, M601 Mouse, RGB Backlit Gaming Keyboard, Programmable Backlit Mouse, Value Combo Set [New Version]",2019-11,$29.58,5.0,No
B00NLZUM36,"Redragon S101 Gaming Keyboard, M601 Mouse, RGB Backlit Gaming Keyboard, Programmable Backlit Mouse, Value Combo Set [New Version]",2019-12,$28.65,4.7,No
B00NLZUM36,"Redragon S101 Gaming Keyboard, M601 Mouse, RGB Backlit Gaming Keyboard, Programmable Backlit Mouse, Value Combo Set [New Version]",2020-01,$30.43,4.7,No
B00NLZUM36,"Redragon S101 Gaming Keyboard, M601 Mouse, RGB Backlit Gaming Keyboard, Programmable Backlit Mouse, Value Combo Set [New Version]",2020-02,$27.62,4.9,No
B00NLZUM36,"Redragon S101 Gaming Keyboard, M601 Mouse, RGB Backlit Gaming Keyboard, Programmable Backlit Mouse, Value Combo Set [New Version]",2020-03,$31.50,5.0,No
B00NLZUM36,"Redragon S101 Gaming Keyboard, M601 Mouse, RGB Backlit Gaming Keyboard, Programmable Backlit Mouse, Value Combo Set [New Version]",2020-04,$32.89,5.0,No
B00NLZUM36,"Redragon S101 Gaming Keyboard, M601 Mouse, RGB Backlit Gaming Keyboard, Programmable Backlit Mouse, Value Combo Set [New Version]",2020-05,$28.86,4.8,No
B00NLZUM36,"Redragon S101 Gaming Keyboard, M601 Mouse, RGB Backlit Gaming Keyboard, Programmable Backlit Mouse, Value Combo Set [New Version]",2020-06,$28.97,5.0,No
B00NLZUM36,"Redragon S101 Gaming Keyboard, M601 Mouse, RGB Backlit Gaming Keyboard, Programmable Backlit Mouse, Value Combo Set [New Version]",2020-07,$28.52,5.0,No
B00NLZUM36,"Redragon S101 Gaming Keyboard, M601 Mouse, RGB Backlit Gaming Keyboard, Programmable Backlit Mouse, Value Combo Set [New Version]",2020-08,$31.98,5.0,No
B00NLZUM36,"Redragon S101 Gaming Keyboard, M601 Mouse, RGB Backlit Gaming Keyboard, Programmable Backlit Mouse, Value Combo Set [New Version]",2020-09,$32.46,5.0,No
B00NLZUM36,"Redragon S101 Gaming Keyboard, M601 Mouse, RGB Backlit Gaming Keyboard, Programmable Backlit Mouse, Value Combo Set [New Version]",2020-10,$30.15,4.6,No
B00NLZUM36,"Redragon S101 Gaming Keyboard, M601 Mouse, RGB Backlit Gaming Keyboard, Programmable Backlit Mouse, Value Combo Set [New Version]",2020-11,$29.40,4.9,No
B00NLZUM36,"Redragon S101 Gaming Keyboard, M601 Mouse, RGB Backlit Gaming Keyboard, Programmable Backlit Mouse, Value Combo Set [New Version]",2020-12,$32.20,5.0,No
B00NLZUM36,"Redragon S101 Gaming Keyboard, M601 Mouse, RGB Backlit Gaming Keyboard, Programmable Backlit Mouse, Value Combo Set [New Version]",2021-01,$29.63,4.9,No
B00NLZUM36,"Redragon S101 Gaming Keyboard, M601 Mouse, RGB Backlit Gaming Keyboard, Programmable Backlit Mouse, Value Combo Set [New Version]",2021-02,$30.46,4.6,No
B00NLZUM36,"Redragon S101 Gaming Keyboard, M601 Mouse, RGB Backlit Gaming Keyboard, Programmable Backlit Mouse, Value Combo Set [New Version]",2021-03,$32.31,5.0,No
B00NLZUM36,"Redragon S101 Gaming Keyboard, M601 Mouse, RGB Backlit Gaming Keyboard, Programmable Backlit Mouse, Value Combo Set [New Version]",2021-04,$27.38,5.0,No
B00NLZUM36,"Redragon S101 Gaming Keyboard, M601 Mouse, RGB Backlit Gaming Keyboard, Programmable Backlit Mouse, Value Combo Set [New Version]",2021-05,$27.56,4.6,No
B00NLZUM36,"Redragon S101 Gaming Keyboard, M601 Mouse, RGB Backlit Gaming Keyboard, Programmable Backlit Mouse, Value Combo Set [New Version]",2021-06,$27.98,5.0,No
B00NLZUM36,"Redragon S101 Gaming Keyboard, M601 Mouse, RGB Backlit Gaming Keyboard, Programmable Backlit Mouse, Value Combo Set [New Version]",2021-07,$28.20,5.0,No
B00NLZUM36,"Redragon S101 Gaming Keyboard, M601 Mouse, RGB Backlit Gaming Keyboard, Programmable Backlit Mouse, Value Combo Set [New Version]",2021-08,$27.53,4.8,No
B00NLZUM36,"Redragon S101 Gaming Keyboard, M601 Mouse, RGB Backlit Gaming Keyboard, Programmable Backlit Mouse, Value Combo Set [New Version]",2021-09,$30.85,5.0,No
B00NLZUM36,"Redragon S101 Gaming Keyboard, M601 Mouse, RGB Backlit Gaming Keyboard, Programmable Backlit Mouse, Value Combo Set [New Version]",2021-10,$29.70,4.7,No
B00NLZUM36,"Redragon S101 Gaming Keyboard, M601 Mouse, RGB Backlit Gaming Keyboard, Programmable Backlit Mouse, Value Combo Set [New Version]",2021-11,$28.96,4.9,No
B00NLZUM36,"Redragon S101 Gaming Keyboard, M601 Mouse, RGB Backlit Gaming Keyboard, Programmable Backlit Mouse, Value Combo Set [New Version]",2021-12,$28.04,5.0,No
B00NLZUM36,"Redragon S101 Gaming Keyboard, M601 Mouse, RGB Backlit Gaming Keyboard, Programmable Backlit Mouse, Value Combo Set [New Version]",2022-01,$28.66,4.6,No
B00NLZUM36,"Redragon S101 Gaming Keyboard, M601 Mouse, RGB Backlit Gaming Keyboard, Programmable Backlit Mouse, Value Combo Set [New Version]",2022-02,$31.34,5.0,No
B00NLZUM36,"Redragon S101 Gaming Keyboard, M601 Mouse, RGB Backlit Gaming Keyboard, Programmable Backlit Mouse, Value Combo Set [New Version]",2022-03,$29.45,5.0,No
B00NLZUM36,"Redragon S101 Gaming Keyboard, M601 Mouse, RGB Backlit Gaming Keyboard, Programmable Backlit Mouse, Value Combo Set [New Version]",2022-04,$32.81,4.7,No
B00NLZUM36,"Redragon S101 Gaming Keyboard, M601 Mouse, RGB Backlit Gaming Keyboard, Programmable Backlit Mouse, Value Combo Set [New Version]",2022-05,$31.17,4.9,No
B00NLZUM36,"Redragon S101 Gaming Keyboard, M601 Mouse, RGB Backlit Gaming Keyboard, Programmable Backlit Mouse, Value Combo Set [New Version]",2022-06,$28.85,5.0,No
B00NLZUM36,"Redragon S101 Gaming Keyboard, M601 Mouse, RGB Backlit Gaming Keyboard, Programmable Backlit Mouse, Value Combo Set [New Version]",2022-07,$28.58,4.5,No
B00NLZUM36,"Redragon S101 Gaming Keyboard, M601 Mouse, RGB Backlit Gaming Keyboard, Programmable Backlit Mouse, Value Combo Set [New Version]",2022-08,$32.59,5.0,No
B00NLZUM36,"Redragon S101 Gaming Keyboard, M601 Mouse, RGB Backlit Gaming Keyboard, Programmable Backlit Mouse, Value Combo Set [New Version]",2022-09,$30.06,4.6,No
B00NLZUM36,"Redragon S101 Gaming Keyboard, M601 Mouse, RGB Backlit Gaming Keyboard, Programmable Backlit Mouse, Value Combo Set [New Version]",2022-10,$28.36,4.9,No
B00NLZUM36,"Redragon S101 Gaming Keyboard, M601 Mouse, RGB Backlit Gaming Keyboard, Programmable Backlit Mouse, Value Combo Set [New Version]",2022-11,$30.56,5.0,No
B00NLZUM36,"Redragon S101 Gaming Keyboard, M601 Mouse, RGB Backlit Gaming Keyboard, Programmable Backlit Mouse, Value Combo Set [New Version]",2022-12,$31.58,5.0,No
B00NLZUM36,"Redragon S101 Gaming Keyboard, M601 Mouse, RGB Backlit Gaming Keyboard, Programmable Backlit Mouse, Value Combo Set [New Version]",2023-01,$30.77,4.6,No
B00NLZUM36,"Redragon S101 Gaming Keyboard, M601 Mouse, RGB Backlit Gaming Keyboard, Programmable Backlit Mouse, Value Combo Set [New Version]",2023-02,$28.40,4.6,No
B00NLZUM36,"Redragon S101 Gaming Keyboard, M601 Mouse, RGB Backlit Gaming Keyboard, Programmable Backlit Mouse, Value Combo Set [New Version]",2023-03,$30.42,4.7,No
B00NLZUM36,"Redragon S101 Gaming Keyboard, M601 Mouse, RGB Backlit Gaming Keyboard, Programmable Backlit Mouse, Value Combo Set [New Version]",2023-04,$27.64,4.9,No
B00NLZUM36,"Redragon S101 Gaming Keyboard, M601 Mouse, RGB Backlit Gaming Keyboard, Programmable Backlit Mouse, Value Combo Set [New Version]",2023-05,$32.17,4.9,No
B00NLZUM36,"Redragon S101 Gaming Keyboard, M601 Mouse, RGB Backlit Gaming Keyboard, Programmable Backlit Mouse, Value Combo Set [New Version]",2023-06,$29.77,5.0,No
B00NLZUM36,"Redragon S101 Gaming Keyboard, M601 Mouse, RGB Backlit Gaming Keyboard, Programmable Backlit Mouse, Value Combo Set [New Version]",2023-07,$28.93,5.0,No
B00NLZUM36,"Redragon S101 Gaming Keyboard, M601 Mouse, RGB Backlit Gaming Keyboard, Programmable Backlit Mouse, Value Combo Set [New Version]",2023-08,$29.93,5.0,No
B00NLZUM36,"Redragon S101 Gaming Keyboard, M601 Mouse, RGB Backlit Gaming Keyboard, Programmable Backlit Mouse, Value Combo Set [New Version]",2023-09,$29.17,5.0,No
B00NLZUM36,"Redragon S101 Gaming Keyboard, M601 Mouse, RGB Backlit Gaming Keyboard, Programmable Backlit Mouse, Value Combo Set [New Version]",2023-10,$28.78,5.0,No
B00NLZUM36,"Redragon S101 Gaming Keyboard, M601 Mouse, RGB Backlit Gaming Keyboard, Programmable Backlit Mouse, Value Combo Set [New Version]",2023-11,$29.07,4.8,No
B00NLZUM36,"Redragon S101 Gaming Keyboard, M601 Mouse, RGB Backlit Gaming Keyboard, Programmable Backlit Mouse, Value Combo Set [New Version]",2023-12,$28.15,5.0,No
B00NLZUM36,"Redragon S101 Gaming Keyboard, M601 Mouse, RGB Backlit Gaming Keyboard, Programmable Backlit Mouse, Value Combo Set [New Version]",2024-01,$30.85,5.0,No
B00NLZUM36,"Redragon S101 Gaming Keyboard, M601 Mouse, RGB Backlit Gaming Keyboard, Programmable Backlit Mouse, Value Combo Set [New Version]",2024-02,$27.49,5.0,No
B00NLZUM36,"Redragon S101 Gaming Keyboard, M601 Mouse, RGB Backlit Gaming Keyboard, Programmable Backlit Mouse, Value Combo Set [New Version]",2024-03,$32.26,5.0,No
B00NLZUM36,"Redragon S101 Gaming Keyboard, M601 Mouse, RGB Backlit Gaming Keyboard, Programmable Backlit Mouse, Value Combo Set [New Version]",2024-04,$29.82,4.6,No
B00NLZUM36,"Redragon S101 Gaming Keyboard, M601 Mouse, RGB Backlit Gaming Keyboard, Programmable Backlit Mouse, Value Combo Set [New Version]",2024-05,$29.02,5.0,No
B00NLZUM36,"Redragon S101 Gaming Keyboard, M601 Mouse, RGB Backlit Gaming Keyboard, Programmable Backlit Mouse, Value Combo Set [New Version]",2024-06,$29.27,5.0,No
B00NLZUM36,"Redragon S101 Gaming Keyboard, M601 Mouse, RGB Backlit Gaming Keyboard, Programmable Backlit Mouse, Value Combo Set [New Version]",2024-07,$29.29,5.0,No
B00NLZUM36,"Redragon S101 Gaming Keyboard, M601 Mouse, RGB Backlit Gaming Keyboard, Programmable Backlit Mouse, Value Combo Set [New Version]",2024-08,$30.83,4.9,No
B00NLZUM36,"Redragon S101 Gaming Keyboard, M601 Mouse, RGB Backlit Gaming Keyboard, Programmable Backlit Mouse, Value Combo Set [New Version]",2024-09,$27.46,5.0,No
B00NLZUM36,"Redragon S101 Gaming Keyboard, M601 Mouse, RGB Backlit Gaming Keyboard, Programmable Backlit Mouse, Value Combo Set [New Version]",2024-10,$31.86,4.5,No
B00NLZUM36,"Redragon S101 Gaming Keyboard, M601 Mouse, RGB Backlit Gaming Keyboard, Programmable Backlit Mouse, Value Combo Set [New Version]",2024-11,$27.68,4.9,No
B00NLZUM36,"Redragon S101 Gaming Keyboard, M601 Mouse, RGB Backlit Gaming Keyboard, Programmable Backlit Mouse, Value Combo Set [New Version]",2024-12,$28.43,4.7,No
B00NLZUM36,"Redragon S101 Gaming Keyboard, M601 Mouse, RGB Backlit Gaming Keyboard, Programmable Backlit Mouse, Value Combo Set [New Version]",2015-01,$28.73,5.0,No
B00NLZUM36,"Redragon S101 Gaming Keyboard, M601 Mouse, RGB Backlit Gaming Keyboard, Programmable Backlit Mouse, Value Combo Set [New Version]",2015-02,$28.93,4.6,No
B00NLZUM36,"Redragon S101 Gaming Keyboard, M601 Mouse, RGB Backlit Gaming Keyboard, Programmable Backlit Mouse, Value Combo Set [New Version]",2015-03,$31.14,5.0,No
B00NLZUM36,"Redragon S101 Gaming Keyboard, M601 Mouse, RGB Backlit Gaming Keyboard, Programmable Backlit Mouse, Value Combo Set [New Version]",2015-04,$32.48,5.0,No
B00NLZUM36,"Redragon S101 Gaming Keyboard, M601 Mouse, RGB Backlit Gaming Keyboard, Programmable Backlit Mouse, Value Combo Set [New Version]",2015-05,$31.11,5.0,No
B00NLZUM36,"Redragon S101 Gaming Keyboard, M601 Mouse, RGB Backlit Gaming Keyboard, Programmable Backlit Mouse, Value Combo Set [New Version]",2015-06,$27.23,4.8,No
B00NLZUM36,"Redragon S101 Gaming Keyboard, M601 Mouse, RGB Backlit Gaming Keyboard, Programmable Backlit Mouse, Value Combo Set [New Version]",2015-07,$29.94,4.5,No
B00NLZUM36,"Redragon S101 Gaming Keyboard, M601 Mouse, RGB Backlit Gaming Keyboard, Programmable Backlit Mouse, Value Combo Set [New Version]",2015-08,$29.43,4.9,No
B00NLZUM36,"Redragon S101 Gaming Keyboard, M601 Mouse, RGB Backlit Gaming Keyboard, Programmable Backlit Mouse, Value Combo Set [New Version]",2015-09,$31.63,5.0,No
B00NLZUM36,"Redragon S101 Gaming Keyboard, M601 Mouse, RGB Backlit Gaming Keyboard, Programmable Backlit Mouse, Value Combo Set [New Version]",2015-10,$27.20,5.0,No
B00NLZUM36,"Redragon S101 Gaming Keyboard, M601 Mouse, RGB Backlit Gaming Keyboard, Programmable Backlit Mouse, Value Combo Set [New Version]",2015-11,$29.11,5.0,No
B00NLZUM36,"Redragon S101 Gaming Keyboard, M601 Mouse, RGB Backlit Gaming Keyboard, Programmable Backlit Mouse, Value Combo Set [New Version]",2015-12,$28.81,5.0,No
B00NLZUM36,"Redragon S101 Gaming Keyboard, M601 Mouse, RGB Backlit Gaming Keyboard, Programmable Backlit Mouse, Value Combo Set [New Version]",2016-01,$29.34,5.0,No
B00NLZUM36,"Redragon S101 Gaming Keyboard, M601 Mouse, RGB Backlit Gaming Keyboard, Programmable Backlit Mouse, Value Combo Set [New Version]",2016-02,$32.27,5.0,No
B00NLZUM36,"Redragon S101 Gaming Keyboard, M601 Mouse, RGB Backlit Gaming Keyboard, Programmable Backlit Mouse, Value Combo Set [New Version]",2016-03,$32.00,4.9,No
B00NLZUM36,"Redragon S101 Gaming Keyboard, M601 Mouse, RGB Backlit Gaming Keyboard, Programmable Backlit Mouse, Value Combo Set [New Version]",2016-04,$32.79,4.7,No
B00NLZUM36,"Redragon S101 Gaming Keyboard, M601 Mouse, RGB Backlit Gaming Keyboard, Programmable Backlit Mouse, Value Combo Set [New Version]",2016-05,$28.93,4.5,No
B00NLZUM36,"Redragon S101 Gaming Keyboard, M601 Mouse, RGB Backlit Gaming Keyboard, Programmable Backlit Mouse, Value Combo Set [New Version]",2016-06,$27.01,4.7,No
B00NLZUM36,"Redragon S101 Gaming Keyboard, M601 Mouse, RGB Backlit Gaming Keyboard, Programmable Backlit Mouse, Value Combo Set [New Version]",2016-07,$28.95,5.0,No
B00NLZUM36,"Redragon S101 Gaming Keyboard, M601 Mouse, RGB Backlit Gaming Keyboard, Programmable Backlit Mouse, Value Combo Set [New Version]",2016-08,$30.46,4.9,No
B00NLZUM36,"Redragon S101 Gaming Keyboard, M601 Mouse, RGB Backlit Gaming Keyboard, Programmable Backlit Mouse, Value Combo Set [New Version]",2016-09,$32.69,4.6,No
B00NLZUM36,"Redragon S101 Gaming Keyboard, M601 Mouse, RGB Backlit Gaming Keyboard, Programmable Backlit Mouse, Value Combo Set [New Version]",2016-10,$27.94,4.9,No
B00NLZUM36,"Redragon S101 Gaming Keyboard, M601 Mouse, RGB Backlit Gaming Keyboard, Programmable Backlit Mouse, Value Combo Set [New Version]",2016-11,$27.98,4.6,No
B00NLZUM36,"Redragon S101 Gaming Keyboard, M601 Mouse, RGB Backlit Gaming Keyboard, Programmable Backlit Mouse, Value Combo Set [New Version]",2016-12,$31.54,5.0,No
B00NLZUM36,"Redragon S101 Gaming Keyboard, M601 Mouse, RGB Backlit Gaming Keyboard, Programmable Backlit Mouse, Value Combo Set [New Version]",2017-01,$31.29,4.6,No
B00NLZUM36,"Redragon S101 Gaming Keyboard, M601 Mouse, RGB Backlit Gaming Keyboard, Programmable Backlit Mouse, Value Combo Set [New Version]",2017-02,$32.24,5.0,No
B00NLZUM36,"Redragon S101 Gaming Keyboard, M601 Mouse, RGB Backlit Gaming Keyboard, Programmable Backlit Mouse, Value Combo Set [New Version]",2017-03,$29.08,5.0,No
B00NLZUM36,"Redragon S101 Gaming Keyboard, M601 Mouse, RGB Backlit Gaming Keyboard, Programmable Backlit Mouse, Value Combo Set [New Version]",2017-04,$28.83,5.0,No
B00NLZUM36,"Redragon S101 Gaming Keyboard, M601 Mouse, RGB Backlit Gaming Keyboard, Programmable Backlit Mouse, Value Combo Set [New Version]",2017-05,$27.78,4.7,No
B00NLZUM36,"Redragon S101 Gaming Keyboard, M601 Mouse, RGB Backlit Gaming Keyboard, Programmable Backlit Mouse, Value Combo Set [New Version]",2017-06,$29.28,4.5,No
B00NLZUM36,"Redragon S101 Gaming Keyboard, M601 Mouse, RGB Backlit Gaming Keyboard, Programmable Backlit Mouse, Value Combo Set [New Version]",2017-07,$31.08,5.0,No
B00NLZUM36,"Redragon S101 Gaming Keyboard, M601 Mouse, RGB Backlit Gaming Keyboard, Programmable Backlit Mouse, Value Combo Set [New Version]",2017-08,$29.93,5.0,No
B00NLZUM36,"Redragon S101 Gaming Keyboard, M601 Mouse, RGB Backlit Gaming Keyboard, Programmable Backlit Mouse, Value Combo Set [New Version]",2017-09,$30.38,4.9,No
B00NLZUM36,"Redragon S101 Gaming Keyboard, M601 Mouse, RGB Backlit Gaming Keyboard, Programmable Backlit Mouse, Value Combo Set [New Version]",2017-10,$30.02,4.9,No
B00NLZUM36,"Redragon S101 Gaming Keyboard, M601 Mouse, RGB Backlit Gaming Keyboard, Programmable Backlit Mouse, Value Combo Set [New Version]",2017-11,$31.93,4.8,No
B00NLZUM36,"Redragon S101 Gaming Keyboard, M601 Mouse, RGB Backlit Gaming Keyboard, Programmable Backlit Mouse, Value Combo Set [New Version]",2017-12,$31.26,4.5,No
B00NLZUM36,"Redragon S101 Gaming Keyboard, M601 Mouse, RGB Backlit Gaming Keyboard, Programmable Backlit Mouse, Value Combo Set [New Version]",2018-01,$27.76,5.0,No
B00NLZUM36,"Redragon S101 Gaming Keyboard, M601 Mouse, RGB Backlit Gaming Keyboard, Programmable Backlit Mouse, Value Combo Set [New Version]",2018-02,$32.26,5.0,No
B00NLZUM36,"Redragon S101 Gaming Keyboard, M601 Mouse, RGB Backlit Gaming Keyboard, Programmable Backlit Mouse, Value Combo Set [New Version]",2018-03,$32.31,5.0,No
B00NLZUM36,"Redragon S101 Gaming Keyboard, M601 Mouse, RGB Backlit Gaming Keyboard, Programmable Backlit Mouse, Value Combo Set [New Version]",2018-04,$29.72,4.6,No
B00NLZUM36,"Redragon S101 Gaming Keyboard, M601 Mouse, RGB Backlit Gaming Keyboard, Programmable Backlit Mouse, Value Combo Set [New Version]",2018-05,$32.51,5.0,No
B00NLZUM36,"Redragon S101 Gaming Keyboard, M601 Mouse, RGB Backlit Gaming Keyboard, Programmable Backlit Mouse, Value Combo Set [New Version]",2018-06,$28.26,4.9,No
B00NLZUM36,"Redragon S101 Gaming Keyboard, M601 Mouse, RGB Backlit Gaming Keyboard, Programmable Backlit Mouse, Value Combo Set [New Version]",2018-07,$28.47,5.0,No
B00NLZUM36,"Redragon S101 Gaming Keyboard, M601 Mouse, RGB Backlit Gaming Keyboard, Programmable Backlit Mouse, Value Combo Set [New Version]",2018-08,$31.68,5.0,No
B00NLZUM36,"Redragon S101 Gaming Keyboard, M601 Mouse, RGB Backlit Gaming Keyboard, Programmable Backlit Mouse, Value Combo Set [New Version]",2018-09,$29.25,4.8,No
B00NLZUM36,"Redragon S101 Gaming Keyboard, M601 Mouse, RGB Backlit Gaming Keyboard, Programmable Backlit Mouse, Value Combo Set [New Version]",2018-10,$30.42,5.0,No
B00NLZUM36,"Redragon S101 Gaming Keyboard, M601 Mouse, RGB Backlit Gaming Keyboard, Programmable Backlit Mouse, Value Combo Set [New Version]",2018-11,$28.41,5.0,No
B00NLZUM36,"Redragon S101 Gaming Keyboard, M601 Mouse, RGB Backlit Gaming Keyboard, Programmable Backlit Mouse, Value Combo Set [New Version]",2018-12,$28.71,4.8,No
B00NLZUM36,"Redragon S101 Gaming Keyboard, M601 Mouse, RGB Backlit Gaming Keyboard, Programmable Backlit Mouse, Value Combo Set [New Version]",2019-01,$29.01,5.0,No
B00NLZUM36,"Redragon S101 Gaming Keyboard, M601 Mouse, RGB Backlit Gaming Keyboard, Programmable Backlit Mouse, Value Combo Set [New Version]",2019-02,$32.40,4.9,No
B00NLZUM36,"Redragon S101 Gaming Keyboard, M601 Mouse, RGB Backlit Gaming Keyboard, Programmable Backlit Mouse, Value Combo Set [New Version]",2019-03,$28.93,4.9,No
B00NLZUM36,"Redragon S101 Gaming Keyboard, M601 Mouse, RGB Backlit Gaming Keyboard, Programmable Backlit Mouse, Value Combo Set [New Version]",2019-04,$32.96,4.9,No
B00NLZUM36,"Redragon S101 Gaming Keyboard, M601 Mouse, RGB Backlit Gaming Keyboard, Programmable Backlit Mouse, Value Combo Set [New Version]",2019-05,$27.00,5.0,No
B00NLZUM36,"Redragon S101 Gaming Keyboard, M601 Mouse, RGB Backlit Gaming Keyboard, Programmable Backlit Mouse, Value Combo Set [New Version]",2019-06,$28.76,5.0,No
B00NLZUM36,"Redragon S101 Gaming Keyboard, M601 Mouse, RGB Backlit Gaming Keyboard, Programmable Backlit Mouse, Value Combo Set [New Version]",2019-07,$32.32,4.6,No
B00NLZUM36,"Redragon S101 Gaming Keyboard, M601 Mouse, RGB Backlit Gaming Keyboard, Programmable Backlit Mouse, Value Combo Set [New Version]",2019-08,$29.07,4.7,No
B00NLZUM36,"Redragon S101 Gaming Keyboard, M601 Mouse, RGB Backlit Gaming Keyboard, Programmable Backlit Mouse, Value Combo Set [New Version]",2019-09,$29.06,5.0,No
B00NLZUM36,"Redragon S101 Gaming Keyboard, M601 Mouse, RGB Backlit Gaming Keyboard, Programmable Backlit Mouse, Value Combo Set [New Version]",2019-10,$32.93,4.6,No
B00NLZUM36,"Redragon S101 Gaming Keyboard, M601 Mouse, RGB Backlit Gaming Keyboard, Programmable Backlit Mouse, Value Combo Set [New Version]",2019-11,$29.58,5.0,No
B00NLZUM36,"Redragon S101 Gaming Keyboard, M601 Mouse, RGB Backlit Gaming Keyboard, Programmable Backlit Mouse, Value Combo Set [New Version]",2019-12,$28.65,4.7,No
B00NLZUM36,"Redragon S101 Gaming Keyboard, M601 Mouse, RGB Backlit Gaming Keyboard, Programmable Backlit Mouse, Value Combo Set [New Version]",2020-01,$30.43,4.7,No
B00NLZUM36,"Redragon S101 Gaming Keyboard, M601 Mouse, RGB Backlit Gaming Keyboard, Programmable Backlit Mouse, Value Combo Set [New Version]",2020-02,$27.62,4.9,No
B00NLZUM36,"Redragon S101 Gaming Keyboard, M601 Mouse, RGB Backlit Gaming Keyboard, Programmable Backlit Mouse, Value Combo Set [New Version]",2020-03,$31.50,5.0,No
B00NLZUM36,"Redragon S101 Gaming Keyboard, M601 Mouse, RGB Backlit Gaming Keyboard, Programmable Backlit Mouse, Value Combo Set [New Version]",2020-04,$32.89,5.0,No
B00NLZUM36,"Redragon S101 Gaming Keyboard, M601 Mouse, RGB Backlit Gaming Keyboard, Programmable Backlit Mouse, Value Combo Set [New Version]",2020-05,$28.86,4.8,No
B00NLZUM36,"Redragon S101 Gaming Keyboard, M601 Mouse, RGB Backlit Gaming Keyboard, Programmable Backlit Mouse, Value Combo Set [New Version]",2020-06,$28.97,5.0,No
B00NLZUM36,"Redragon S101 Gaming Keyboard, M601 Mouse, RGB Backlit Gaming Keyboard, Programmable Backlit Mouse, Value Combo Set [New Version]",2020-07,$28.52,5.0,No
B00NLZUM36,"Redragon S101 Gaming Keyboard, M601 Mouse, RGB Backlit Gaming Keyboard, Programmable Backlit Mouse, Value Combo Set [New Version]",2020-08,$31.98,5.0,No
B00NLZUM36,"Redragon S101 Gaming Keyboard, M601 Mouse, RGB Backlit Gaming Keyboard, Programmable Backlit Mouse, Value Combo Set [New Version]",2020-09,$32.46,5.0,No
B00NLZUM36,"Redragon S101 Gaming Keyboard, M601 Mouse, RGB Backlit Gaming Keyboard, Programmable Backlit Mouse, Value Combo Set [New Version]",2020-10,$30.15,4.6,No
B00NLZUM36,"Redragon S101 Gaming Keyboard, M601 Mouse, RGB Backlit Gaming Keyboard, Programmable Backlit Mouse, Value Combo Set [New Version]",2020-11,$29.40,4.9,No
B00NLZUM36,"Redragon S101 Gaming Keyboard, M601 Mouse, RGB Backlit Gaming Keyboard, Programmable Backlit Mouse, Value Combo Set [New Version]",2020-12,$32.20,5.0,No
B00NLZUM36,"Redragon S101 Gaming Keyboard, M601 Mouse, RGB Backlit Gaming Keyboard, Programmable Backlit Mouse, Value Combo Set [New Version]",2021-01,$29.63,4.9,No
B00NLZUM36,"Redragon S101 Gaming Keyboard, M601 Mouse, RGB Backlit Gaming Keyboard, Programmable Backlit Mouse, Value Combo Set [New Version]",2021-02,$30.46,4.6,No
B00NLZUM36,"Redragon S101 Gaming Keyboard, M601 Mouse, RGB Backlit Gaming Keyboard, Programmable Backlit Mouse, Value Combo Set [New Version]",2021-03,$32.31,5.0,No
B00NLZUM36,"Redragon S101 Gaming Keyboard, M601 Mouse, RGB Backlit Gaming Keyboard, Programmable Backlit Mouse, Value Combo Set [New Version]",2021-04,$27.38,5.0,No
B00NLZUM36,"Redragon S101 Gaming Keyboard, M601 Mouse, RGB Backlit Gaming Keyboard, Programmable Backlit Mouse, Value Combo Set [New Version]",2021-05,$27.56,4.6,No
B00NLZUM36,"Redragon S101 Gaming Keyboard, M601 Mouse, RGB Backlit Gaming Keyboard, Programmable Backlit Mouse, Value Combo Set [New Version]",2021-06,$27.98,5.0,No
B00NLZUM36,"Redragon S101 Gaming Keyboard, M601 Mouse, RGB Backlit Gaming Keyboard, Programmable Backlit Mouse, Value Combo Set [New Version]",2021-07,$28.20,5.0,No
B00NLZUM36,"Redragon S101 Gaming Keyboard, M601 Mouse, RGB Backlit Gaming Keyboard, Programmable Backlit Mouse, Value Combo Set [New Version]",2021-08,$27.53,4.8,No
B00NLZUM36,"Redragon S101 Gaming Keyboard, M601 Mouse, RGB Backlit Gaming Keyboard, Programmable Backlit Mouse, Value Combo Set [New Version]",2021-09,$30.85,5.0,No
B00NLZUM36,"Redragon S101 Gaming Keyboard, M601 Mouse, RGB Backlit Gaming Keyboard, Programmable Backlit Mouse, Value Combo Set [New Version]",2021-10,$29.70,4.7,No
B00NLZUM36,"Redragon S101 Gaming Keyboard, M601 Mouse, RGB Backlit Gaming Keyboard, Programmable Backlit Mouse, Value Combo Set [New Version]",2021-11,$28.96,4.9,No
B00NLZUM36,"Redragon S101 Gaming Keyboard, M601 Mouse, RGB Backlit Gaming Keyboard, Programmable Backlit Mouse, Value Combo Set [New Version]",2021-12,$28.04,5.0,No
B00NLZUM36,"Redragon S101 Gaming Keyboard, M601 Mouse, RGB Backlit Gaming Keyboard, Programmable Backlit Mouse, Value Combo Set [New Version]",2022-01,$28.66,4.6,No
B00NLZUM36,"Redragon S101 Gaming Keyboard, M601 Mouse, RGB Backlit Gaming Keyboard, Programmable Backlit Mouse, Value Combo Set [New Version]",2022-02,$31.34,5.0,No
B00NLZUM36,"Redragon S101 Gaming Keyboard, M601 Mouse, RGB Backlit Gaming Keyboard, Programmable Backlit Mouse, Value Combo Set [New Version]",2022-03,$29.45,5.0,No
B00NLZUM36,"Redragon S101 Gaming Keyboard, M601 Mouse, RGB Backlit Gaming Keyboard, Programmable Backlit Mouse, Value Combo Set [New Version]",2022-04,$32.81,4.7,No
B00NLZUM36,"Redragon S101 Gaming Keyboard, M601 Mouse, RGB Backlit Gaming Keyboard, Programmable Backlit Mouse, Value Combo Set [New Version]",2022-05,$31.17,4.9,No
B00NLZUM36,"Redragon S101 Gaming Keyboard, M601 Mouse, RGB Backlit Gaming Keyboard, Programmable Backlit Mouse, Value Combo Set [New Version]",2022-06,$28.85,5.0,No
B00NLZUM36,"Redragon S101 Gaming Keyboard, M601 Mouse, RGB Backlit Gaming Keyboard, Programmable Backlit Mouse, Value Combo Set [New Version]",2022-07,$28.58,4.5,No
B00NLZUM36,"Redragon S101 Gaming Keyboard, M601 Mouse, RGB Backlit Gaming Keyboard, Programmable Backlit Mouse, Value Combo Set [New Version]",2022-08,$32.59,5.0,No
B00NLZUM36,"Redragon S101 Gaming Keyboard, M601 Mouse, RGB Backlit Gaming Keyboard, Programmable Backlit Mouse, Value Combo Set [New Version]",2022-09,$30.06,4.6,No
B00NLZUM36,"Redragon S101 Gaming Keyboard, M601 Mouse, RGB Backlit Gaming Keyboard, Programmable Backlit Mouse, Value Combo Set [New Version]",2022-10,$28.36,4.9,No
B00NLZUM36,"Redragon S101 Gaming Keyboard, M601 Mouse, RGB Backlit Gaming Keyboard, Programmable Backlit Mouse, Value Combo Set [New Version]",2022-11,$30.56,5.0,No
B00NLZUM36,"Redragon S101 Gaming Keyboard, M601 Mouse, RGB Backlit Gaming Keyboard, Programmable Backlit Mouse, Value Combo Set [New Version]",2022-12,$31.58,5.0,No
B00NLZUM36,"Redragon S101 Gaming Keyboard, M601 Mouse, RGB Backlit Gaming Keyboard, Programmable Backlit Mouse, Value Combo Set [New Version]",2023-01,$30.77,4.6,No
B00NLZUM36,"Redragon S101 Gaming Keyboard, M601 Mouse, RGB Backlit Gaming Keyboard, Programmable Backlit Mouse, Value Combo Set [New Version]",2023-02,$28.40,4.6,No
B00NLZUM36,"Redragon S101 Gaming Keyboard, M601 Mouse, RGB Backlit Gaming Keyboard, Programmable Backlit Mouse, Value Combo Set [New Version]",2023-03,$30.42,4.7,No
B00NLZUM36,"Redragon S101 Gaming Keyboard, M601 Mouse, RGB Backlit Gaming Keyboard, Programmable Backlit Mouse, Value Combo Set [New Version]",2023-04,$27.64,4.9,No
B00NLZUM36,"Redragon S101 Gaming Keyboard, M601 Mouse, RGB Backlit Gaming Keyboard, Programmable Backlit Mouse, Value Combo Set [New Version]",2023-05,$32.17,4.9,No
B00NLZUM36,"Redragon S101 Gaming Keyboard, M601 Mouse, RGB Backlit Gaming Keyboard, Programmable Backlit Mouse, Value Combo Set [New Version]",2023-06,$29.77,5.0,No
B00NLZUM36,"Redragon S101 Gaming Keyboard, M601 Mouse, RGB Backlit Gaming Keyboard, Programmable Backlit Mouse, Value Combo Set [New Version]",2023-07,$28.93,5.0,No
B00NLZUM36,"Redragon S101 Gaming Keyboard, M601 Mouse, RGB Backlit Gaming Keyboard, Programmable Backlit Mouse, Value Combo Set [New Version]",2023-08,$29.93,5.0,No
B00NLZUM36,"Redragon S101 Gaming Keyboard, M601 Mouse, RGB Backlit Gaming Keyboard, Programmable Backlit Mouse, Value Combo Set [New Version]",2023-09,$29.17,5.0,No
B00NLZUM36,"Redragon S101 Gaming Keyboard, M601 Mouse, RGB Backlit Gaming Keyboard, Programmable Backlit Mouse, Value Combo Set [New Version]",2023-10,$28.78,5.0,No
B00NLZUM36,"Redragon S101 Gaming Keyboard, M601 Mouse, RGB Backlit Gaming Keyboard, Programmable Backlit Mouse, Value Combo Set [New Version]",2023-11,$29.07,4.8,No
B00NLZUM36,"Redragon S101 Gaming Keyboard, M601 Mouse, RGB Backlit Gaming Keyboard, Programmable Backlit Mouse, Value Combo Set [New Version]",2023-12,$28.15,5.0,No
B00NLZUM36,"Redragon S101 Gaming Keyboard, M601 Mouse, RGB Backlit Gaming Keyboard, Programmable Backlit Mouse, Value Combo Set [New Version]",2024-01,$30.85,5.0,No
B00NLZUM36,"Redragon S101 Gaming Keyboard, M601 Mouse, RGB Backlit Gaming Keyboard, Programmable Backlit Mouse, Value Combo Set [New Version]",2024-02,$27.49,5.0,No
B00NLZUM36,"Redragon S101 Gaming Keyboard, M601 Mouse, RGB Backlit Gaming Keyboard, Programmable Backlit Mouse, Value Combo Set [New Version]",2024-03,$32.26,5.0,No
B00NLZUM36,"Redragon S101 Gaming Keyboard, M601 Mouse, RGB Backlit Gaming Keyboard, Programmable Backlit Mouse, Value Combo Set [New Version]",2024-04,$29.82,4.6,No
B00NLZUM36,"Redragon S101 Gaming Keyboard, M601 Mouse, RGB Backlit Gaming Keyboard, Programmable Backlit Mouse, Value Combo Set [New Version]",2024-05,$29.02,5.0,No
B00NLZUM36,"Redragon S101 Gaming Keyboard, M601 Mouse, RGB Backlit Gaming Keyboard, Programmable Backlit Mouse, Value Combo Set [New Version]",2024-06,$29.27,5.0,No
B00NLZUM36,"Redragon S101 Gaming Keyboard, M601 Mouse, RGB Backlit Gaming Keyboard, Programmable Backlit Mouse, Value Combo Set [New Version]",2024-07,$29.29,5.0,No
B00NLZUM36,"Redragon S101 Gaming Keyboard, M601 Mouse, RGB Backlit Gaming Keyboard, Programmable Backlit Mouse, Value Combo Set [New Version]",2024-08,$30.83,4.9,No
B00NLZUM36,"Redragon S101 Gaming Keyboard, M601 Mouse, RGB Backlit Gaming Keyboard, Programmable Backlit Mouse, Value Combo Set [New Version]",2024-09,$27.46,5.0,No
B00NLZUM36,"Redragon S101 Gaming Keyboard, M601 Mouse, RGB Backlit Gaming Keyboard, Programmable Backlit Mouse, Value Combo Set [New Version]",2024-10,$31.86,4.5,No
B00NLZUM36,"Redragon S101 Gaming Keyboard, M601 Mouse, RGB Backlit Gaming Keyboard, Programmable Backlit Mouse, Value Combo Set [New Version]",2024-11,$27.68,4.9,No
B00NLZUM36,"Redragon S101 Gaming Keyboard, M601 Mouse, RGB Backlit Gaming Keyboard, Programmable Backlit Mouse, Value Combo Set [New Version]",2024-12,$28.43,4.7,No
B00NLZUM36,"Redragon S101 Gaming Keyboard, M601 Mouse, RGB Backlit Gaming Keyboard, Programmable Backlit Mouse, Value Combo Set [New Version]",2015-01,$28.73,5.0,No
B00NLZUM36,"Redragon S101 Gaming Keyboard, M601 Mouse, RGB Backlit Gaming Keyboard, Programmable Backlit Mouse, Value Combo Set [New Version]",2015-02,$28.93,4.6,No
B00NLZUM36,"Redragon S101 Gaming Keyboard, M601 Mouse, RGB Backlit Gaming Keyboard, Programmable Backlit Mouse, Value Combo Set [New Version]",2015-03,$31.14,5.0,No
B00NLZUM36,"Redragon S101 Gaming Keyboard, M601 Mouse, RGB Backlit Gaming Keyboard, Programmable Backlit Mouse, Value Combo Set [New Version]",2015-04,$32.48,5.0,No
B00NLZUM36,"Redragon S101 Gaming Keyboard, M601 Mouse, RGB Backlit Gaming Keyboard, Programmable Backlit Mouse, Value Combo Set [New Version]",2015-05,$31.11,5.0,No
B00NLZUM36,"Redragon S101 Gaming Keyboard, M601 Mouse, RGB Backlit Gaming Keyboard, Programmable Backlit Mouse, Value Combo Set [New Version]",2015-06,$27.23,4.8,No
B00NLZUM36,"Redragon S101 Gaming Keyboard, M601 Mouse, RGB Backlit Gaming Keyboard, Programmable Backlit Mouse, Value Combo Set [New Version]",2015-07,$29.94,4.5,No
B00NLZUM36,"Redragon S101 Gaming Keyboard, M601 Mouse, RGB Backlit Gaming Keyboard, Programmable Backlit Mouse, Value Combo Set [New Version]",2015-08,$29.43,4.9,No
B00NLZUM36,"Redragon S101 Gaming Keyboard, M601 Mouse, RGB Backlit Gaming Keyboard, Programmable Backlit Mouse, Value Combo Set [New Version]",2015-09,$31.63,5.0,No
B00NLZUM36,"Redragon S101 Gaming Keyboard, M601 Mouse, RGB Backlit Gaming Keyboard, Programmable Backlit Mouse, Value Combo Set [New Version]",2015-10,$27.20,5.0,No
B00NLZUM36,"Redragon S101 Gaming Keyboard, M601 Mouse, RGB Backlit Gaming Keyboard, Programmable Backlit Mouse, Value Combo Set [New Version]",2015-11,$29.11,5.0,No
B00NLZUM36,"Redragon S101 Gaming Keyboard, M601 Mouse, RGB Backlit Gaming Keyboard, Programmable Backlit Mouse, Value Combo Set [New Version]",2015-12,$28.81,5.0,No
B00NLZUM36,"Redragon S101 Gaming Keyboard, M601 Mouse, RGB Backlit Gaming Keyboard, Programmable Backlit Mouse, Value Combo Set [New Version]",2016-01,$29.34,5.0,No
B00NLZUM36,"Redragon S101 Gaming Keyboard, M601 Mouse, RGB Backlit Gaming Keyboard, Programmable Backlit Mouse, Value Combo Set [New Version]",2016-02,$32.27,5.0,No
B00NLZUM36,"Redragon S101 Gaming Keyboard, M601 Mouse, RGB Backlit Gaming Keyboard, Programmable Backlit Mouse, Value Combo Set [New Version]",2016-03,$32.00,4.9,No
B00NLZUM36,"Redragon S101 Gaming Keyboard, M601 Mouse, RGB Backlit Gaming Keyboard, Programmable Backlit Mouse, Value Combo Set [New Version]",2016-04,$32.79,4.7,No
B00NLZUM36,"Redragon S101 Gaming Keyboard, M601 Mouse, RGB Backlit Gaming Keyboard, Programmable Backlit Mouse, Value Combo Set [New Version]",2016-05,$28.93,4.5,No
B00NLZUM36,"Redragon S101 Gaming Keyboard, M601 Mouse, RGB Backlit Gaming Keyboard, Programmable Backlit Mouse, Value Combo Set [New Version]",2016-06,$27.01,4.7,No
B00NLZUM36,"Redragon S101 Gaming Keyboard, M601 Mouse, RGB Backlit Gaming Keyboard, Programmable Backlit Mouse, Value Combo Set [New Version]",2016-07,$28.95,5.0,No
B00NLZUM36,"Redragon S101 Gaming Keyboard, M601 Mouse, RGB Backlit Gaming Keyboard, Programmable Backlit Mouse, Value Combo Set [New Version]",2016-08,$30.46,4.9,No
B00NLZUM36,"Redragon S101 Gaming Keyboard, M601 Mouse, RGB Backlit Gaming Keyboard, Programmable Backlit Mouse, Value Combo Set [New Version]",2016-09,$32.69,4.6,No
B00NLZUM36,"Redragon S101 Gaming Keyboard, M601 Mouse, RGB Backlit Gaming Keyboard, Programmable Backlit Mouse, Value Combo Set [New Version]",2016-10,$27.94,4.9,No
B00NLZUM36,"Redragon S101 Gaming Keyboard, M601 Mouse, RGB Backlit Gaming Keyboard, Programmable Backlit Mouse, Value Combo Set [New Version]",2016-11,$27.98,4.6,No
B00NLZUM36,"Redragon S101 Gaming Keyboard, M601 Mouse, RGB Backlit Gaming Keyboard, Programmable Backlit Mouse, Value Combo Set [New Version]",2016-12,$31.54,5.0,No
B00NLZUM36,"Redragon S101 Gaming Keyboard, M601 Mouse, RGB Backlit Gaming Keyboard, Programmable Backlit Mouse, Value Combo Set [New Version]",2017-01,$31.29,4.6,No
B00NLZUM36,"Redragon S101 Gaming Keyboard, M601 Mouse, RGB Backlit Gaming Keyboard, Programmable Backlit Mouse, Value Combo Set [New Version]",2017-02,$32.24,5.0,No
B00NLZUM36,"Redragon S101 Gaming Keyboard, M601 Mouse, RGB Backlit Gaming Keyboard, Programmable Backlit Mouse, Value Combo Set [New Version]",2017-03,$29.08,5.0,No
B00NLZUM36,"Redragon S101 Gaming Keyboard, M601 Mouse, RGB Backlit Gaming Keyboard, Programmable Backlit Mouse, Value Combo Set [New Version]",2017-04,$28.83,5.0,No
B00NLZUM36,"Redragon S101 Gaming Keyboard, M601 Mouse, RGB Backlit Gaming Keyboard, Programmable Backlit Mouse, Value Combo Set [New Version]",2017-05,$27.78,4.7,No
B00NLZUM36,"Redragon S101 Gaming Keyboard, M601 Mouse, RGB Backlit Gaming Keyboard, Programmable Backlit Mouse, Value Combo Set [New Version]",2017-06,$29.28,4.5,No
B00NLZUM36,"Redragon S101 Gaming Keyboard, M601 Mouse, RGB Backlit Gaming Keyboard, Programmable Backlit Mouse, Value Combo Set [New Version]",2017-07,$31.08,5.0,No
B00NLZUM36,"Redragon S101 Gaming Keyboard, M601 Mouse, RGB Backlit Gaming Keyboard, Programmable Backlit Mouse, Value Combo Set [New Version]",2017-08,$29.93,5.0,No
B00NLZUM36,"Redragon S101 Gaming Keyboard, M601 Mouse, RGB Backlit Gaming Keyboard, Programmable Backlit Mouse, Value Combo Set [New Version]",2017-09,$30.38,4.9,No
B00NLZUM36,"Redragon S101 Gaming Keyboard, M601 Mouse, RGB Backlit Gaming Keyboard, Programmable Backlit Mouse, Value Combo Set [New Version]",2017-10,$30.02,4.9,No
B00NLZUM36,"Redragon S101 Gaming Keyboard, M601 Mouse, RGB Backlit Gaming Keyboard, Programmable Backlit Mouse, Value Combo Set [New Version]",2017-11,$31.93,4.8,No
B00NLZUM36,"Redragon S101 Gaming Keyboard, M601 Mouse, RGB Backlit Gaming Keyboard, Programmable Backlit Mouse, Value Combo Set [New Version]",2017-12,$31.26,4.5,No
B00NLZUM36,"Redragon S101 Gaming Keyboard, M601 Mouse, RGB Backlit Gaming Keyboard, Programmable Backlit Mouse, Value Combo Set [New Version]",2018-01,$27.76,5.0,No
B00NLZUM36,"Redragon S101 Gaming Keyboard, M601 Mouse, RGB Backlit Gaming Keyboard, Programmable Backlit Mouse, Value Combo Set [New Version]",2018-02,$32.26,5.0,No
B00NLZUM36,"Redragon S101 Gaming Keyboard, M601 Mouse, RGB Backlit Gaming Keyboard, Programmable Backlit Mouse, Value Combo Set [New Version]",2018-03,$32.31,5.0,No
B00NLZUM36,"Redragon S101 Gaming Keyboard, M601 Mouse, RGB Backlit Gaming Keyboard, Programmable Backlit Mouse, Value Combo Set [New Version]",2018-04,$29.72,4.6,No
B00NLZUM36,"Redragon S101 Gaming Keyboard, M601 Mouse, RGB Backlit Gaming Keyboard, Programmable Backlit Mouse, Value Combo Set [New Version]",2018-05,$32.51,5.0,No
B00NLZUM36,"Redragon S101 Gaming Keyboard, M601 Mouse, RGB Backlit Gaming Keyboard, Programmable Backlit Mouse, Value Combo Set [New Version]",2018-06,$28.26,4.9,No
B00NLZUM36,"Redragon S101 Gaming Keyboard, M601 Mouse, RGB Backlit Gaming Keyboard, Programmable Backlit Mouse, Value Combo Set [New Version]",2018-07,$28.47,5.0,No
B00NLZUM36,"Redragon S101 Gaming Keyboard, M601 Mouse, RGB Backlit Gaming Keyboard, Programmable Backlit Mouse, Value Combo Set [New Version]",2018-08,$31.68,5.0,No
B00NLZUM36,"Redragon S101 Gaming Keyboard, M601 Mouse, RGB Backlit Gaming Keyboard, Programmable Backlit Mouse, Value Combo Set [New Version]",2018-09,$29.25,4.8,No
B00NLZUM36,"Redragon S101 Gaming Keyboard, M601 Mouse, RGB Backlit Gaming Keyboard, Programmable Backlit Mouse, Value Combo Set [New Version]",2018-10,$30.42,5.0,No
B00NLZUM36,"Redragon S101 Gaming Keyboard, M601 Mouse, RGB Backlit Gaming Keyboard, Programmable Backlit Mouse, Value Combo Set [New Version]",2018-11,$28.41,5.0,No
B00NLZUM36,"Redragon S101 Gaming Keyboard, M601 Mouse, RGB Backlit Gaming Keyboard, Programmable Backlit Mouse, Value Combo Set [New Version]",2018-12,$28.71,4.8,No
B00NLZUM36,"Redragon S101 Gaming Keyboard, M601 Mouse, RGB Backlit Gaming Keyboard, Programmable Backlit Mouse, Value Combo Set [New Version]",2019-01,$29.01,5.0,No
B00NLZUM36,"Redragon S101 Gaming Keyboard, M601 Mouse, RGB Backlit Gaming Keyboard, Programmable Backlit Mouse, Value Combo Set [New Version]",2019-02,$32.40,4.9,No
B00NLZUM36,"Redragon S101 Gaming Keyboard, M601 Mouse, RGB Backlit Gaming Keyboard, Programmable Backlit Mouse, Value Combo Set [New Version]",2019-03,$28.93,4.9,No
B00NLZUM36,"Redragon S101 Gaming Keyboard, M601 Mouse, RGB Backlit Gaming Keyboard, Programmable Backlit Mouse, Value Combo Set [New Version]",2019-04,$32.96,4.9,No
B00NLZUM36,"Redragon S101 Gaming Keyboard, M601 Mouse, RGB Backlit Gaming Keyboard, Programmable Backlit Mouse, Value Combo Set [New Version]",2019-05,$27.00,5.0,No
B00NLZUM36,"Redragon S101 Gaming Keyboard, M601 Mouse, RGB Backlit Gaming Keyboard, Programmable Backlit Mouse, Value Combo Set [New Version]",2019-06,$28.76,5.0,No
B00NLZUM36,"Redragon S101 Gaming Keyboard, M601 Mouse, RGB Backlit Gaming Keyboard, Programmable Backlit Mouse, Value Combo Set [New Version]",2019-07,$32.32,4.6,No
B00NLZUM36,"Redragon S101 Gaming Keyboard, M601 Mouse, RGB Backlit Gaming Keyboard, Programmable Backlit Mouse, Value Combo Set [New Version]",2019-08,$29.07,4.7,No
B00NLZUM36,"Redragon S101 Gaming Keyboard, M601 Mouse, RGB Backlit Gaming Keyboard, Programmable Backlit Mouse, Value Combo Set [New Version]",2019-09,$29.06,5.0,No
B00NLZUM36,"Redragon S101 Gaming Keyboard, M601 Mouse, RGB Backlit Gaming Keyboard, Programmable Backlit Mouse, Value Combo Set [New Version]",2019-10,$32.93,4.6,No
B00NLZUM36,"Redragon S101 Gaming Keyboard, M601 Mouse, RGB Backlit Gaming Keyboard, Programmable Backlit Mouse, Value Combo Set [New Version]",2019-11,$29.58,5.0,No
B00NLZUM36,"Redragon S101 Gaming Keyboard, M601 Mouse, RGB Backlit Gaming Keyboard, Programmable Backlit Mouse, Value Combo Set [New Version]",2019-12,$28.65,4.7,No
B00NLZUM36,"Redragon S101 Gaming Keyboard, M601 Mouse, RGB Backlit Gaming Keyboard, Programmable Backlit Mouse, Value Combo Set [New Version]",2020-01,$30.43,4.7,No
B00NLZUM36,"Redragon S101 Gaming Keyboard, M601 Mouse, RGB Backlit Gaming Keyboard, Programmable Backlit Mouse, Value Combo Set [New Version]",2020-02,$27.62,4.9,No
B00NLZUM36,"Redragon S101 Gaming Keyboard, M601 Mouse, RGB Backlit Gaming Keyboard, Programmable Backlit Mouse, Value Combo Set [New Version]",2020-03,$31.50,5.0,No
B00NLZUM36,"Redragon S101 Gaming Keyboard, M601 Mouse, RGB Backlit Gaming Keyboard, Programmable Backlit Mouse, Value Combo Set [New Version]",2020-04,$32.89,5.0,No
B00NLZUM36,"Redragon S101 Gaming Keyboard, M601 Mouse, RGB Backlit Gaming Keyboard, Programmable Backlit Mouse, Value Combo Set [New Version]",2020-05,$28.86,4.8,No
B00NLZUM36,"Redragon S101 Gaming Keyboard, M601 Mouse, RGB Backlit Gaming Keyboard, Programmable Backlit Mouse, Value Combo Set [New Version]",2020-06,$28.97,5.0,No
B00NLZUM36,"Redragon S101 Gaming Keyboard, M601 Mouse, RGB Backlit Gaming Keyboard, Programmable Backlit Mouse, Value Combo Set [New Version]",2020-07,$28.52,5.0,No
B00NLZUM36,"Redragon S101 Gaming Keyboard, M601 Mouse, RGB Backlit Gaming Keyboard, Programmable Backlit Mouse, Value Combo Set [New Version]",2020-08,$31.98,5.0,No
B00NLZUM36,"Redragon S101 Gaming Keyboard, M601 Mouse, RGB Backlit Gaming Keyboard, Programmable Backlit Mouse, Value Combo Set [New Version]",2020-09,$32.46,5.0,No
B00NLZUM36,"Redragon S101 Gaming Keyboard, M601 Mouse, RGB Backlit Gaming Keyboard, Programmable Backlit Mouse, Value Combo Set [New Version]",2020-10,$30.15,4.6,No
B00NLZUM36,"Redragon S101 Gaming Keyboard, M601 Mouse, RGB Backlit Gaming Keyboard, Programmable Backlit Mouse, Value Combo Set [New Version]",2020-11,$29.40,4.9,No
B00NLZUM36,"Redragon S101 Gaming Keyboard, M601 Mouse, RGB Backlit Gaming Keyboard, Programmable Backlit Mouse, Value Combo Set [New Version]",2020-12,$32.20,5.0,No
B00NLZUM36,"Redragon S101 Gaming Keyboard, M601 Mouse, RGB Backlit Gaming Keyboard, Programmable Backlit Mouse, Value Combo Set [New Version]",2021-01,$29.63,4.9,No
B00NLZUM36,"Redragon S101 Gaming Keyboard, M601 Mouse, RGB Backlit Gaming Keyboard, Programmable Backlit Mouse, Value Combo Set [New Version]",2021-02,$30.46,4.6,No
B00NLZUM36,"Redragon S101 Gaming Keyboard, M601 Mouse, RGB Backlit Gaming Keyboard, Programmable Backlit Mouse, Value Combo Set [New Version]",2021-03,$32.31,5.0,No
B00NLZUM36,"Redragon S101 Gaming Keyboard, M601 Mouse, RGB Backlit Gaming Keyboard, Programmable Backlit Mouse, Value Combo Set [New Version]",2021-04,$27.38,5.0,No
B00NLZUM36,"Redragon S101 Gaming Keyboard, M601 Mouse, RGB Backlit Gaming Keyboard, Programmable Backlit Mouse, Value Combo Set [New Version]",2021-05,$27.56,4.6,No
B00NLZUM36,"Redragon S101 Gaming Keyboard, M601 Mouse, RGB Backlit Gaming Keyboard, Programmable Backlit Mouse, Value Combo Set [New Version]",2021-06,$27.98,5.0,No
B00NLZUM36,"Redragon S101 Gaming Keyboard, M601 Mouse, RGB Backlit Gaming Keyboard, Programmable Backlit Mouse, Value Combo Set [New Version]",2021-07,$28.20,5.0,No
B00NLZUM36,"Redragon S101 Gaming Keyboard, M601 Mouse, RGB Backlit Gaming Keyboard, Programmable Backlit Mouse, Value Combo Set [New Version]",2021-08,$27.53,4.8,No
B00NLZUM36,"Redragon S101 Gaming Keyboard, M601 Mouse, RGB Backlit Gaming Keyboard, Programmable Backlit Mouse, Value Combo Set [New Version]",2021-09,$30.85,5.0,No
B00NLZUM36,"Redragon S101 Gaming Keyboard, M601 Mouse, RGB Backlit Gaming Keyboard, Programmable Backlit Mouse, Value Combo Set [New Version]",2021-10,$29.70,4.7,No
B00NLZUM36,"Redragon S101 Gaming Keyboard, M601 Mouse, RGB Backlit Gaming Keyboard, Programmable Backlit Mouse, Value Combo Set [New Version]",2021-11,$28.96,4.9,No
B00NLZUM36,"Redragon S101 Gaming Keyboard, M601 Mouse, RGB Backlit Gaming Keyboard, Programmable Backlit Mouse, Value Combo Set [New Version]",2021-12,$28.04,5.0,No
B00NLZUM36,"Redragon S101 Gaming Keyboard, M601 Mouse, RGB Backlit Gaming Keyboard, Programmable Backlit Mouse, Value Combo Set [New Version]",2022-01,$28.66,4.6,No
B00NLZUM36,"Redragon S101 Gaming Keyboard, M601 Mouse, RGB Backlit Gaming Keyboard, Programmable Backlit Mouse, Value Combo Set [New Version]",2022-02,$31.34,5.0,No
B00NLZUM36,"Redragon S101 Gaming Keyboard, M601 Mouse, RGB Backlit Gaming Keyboard, Programmable Backlit Mouse, Value Combo Set [New Version]",2022-03,$29.45,5.0,No
B00NLZUM36,"Redragon S101 Gaming Keyboard, M601 Mouse, RGB Backlit Gaming Keyboard, Programmable Backlit Mouse, Value Combo Set [New Version]",2022-04,$32.81,4.7,No
B00NLZUM36,"Redragon S101 Gaming Keyboard, M601 Mouse, RGB Backlit Gaming Keyboard, Programmable Backlit Mouse, Value Combo Set [New Version]",2022-05,$31.17,4.9,No
B00NLZUM36,"Redragon S101 Gaming Keyboard, M601 Mouse, RGB Backlit Gaming Keyboard, Programmable Backlit Mouse, Value Combo Set [New Version]",2022-06,$28.85,5.0,No
B00NLZUM36,"Redragon S101 Gaming Keyboard, M601 Mouse, RGB Backlit Gaming Keyboard, Programmable Backlit Mouse, Value Combo Set [New Version]",2022-07,$28.58,4.5,No
B00NLZUM36,"Redragon S101 Gaming Keyboard, M601 Mouse, RGB Backlit Gaming Keyboard, Programmable Backlit Mouse, Value Combo Set [New Version]",2022-08,$32.59,5.0,No
B00NLZUM36,"Redragon S101 Gaming Keyboard, M601 Mouse, RGB Backlit Gaming Keyboard, Programmable Backlit Mouse, Value Combo Set [New Version]",2022-09,$30.06,4.6,No
B00NLZUM36,"Redragon S101 Gaming Keyboard, M601 Mouse, RGB Backlit Gaming Keyboard, Programmable Backlit Mouse, Value Combo Set [New Version]",2022-10,$28.36,4.9,No
B00NLZUM36,"Redragon S101 Gaming Keyboard, M601 Mouse, RGB Backlit Gaming Keyboard, Programmable Backlit Mouse, Value Combo Set [New Version]",2022-11,$30.56,5.0,No
B00NLZUM36,"Redragon S101 Gaming Keyboard, M601 Mouse, RGB Backlit Gaming Keyboard, Programmable Backlit Mouse, Value Combo Set [New Version]",2022-12,$31.58,5.0,No
B00NLZUM36,"Redragon S101 Gaming Keyboard, M601 Mouse, RGB Backlit Gaming Keyboard, Programmable Backlit Mouse, Value Combo Set [New Version]",2023-01,$30.77,4.6,No
B00NLZUM36,"Redragon S101 Gaming Keyboard, M601 Mouse, RGB Backlit Gaming Keyboard, Programmable Backlit Mouse, Value Combo Set [New Version]",2023-02,$28.40,4.6,No
B00NLZUM36,"Redragon S101 Gaming Keyboard, M601 Mouse, RGB Backlit Gaming Keyboard, Programmable Backlit Mouse, Value Combo Set [New Version]",2023-03,$30.42,4.7,No
B00NLZUM36,"Redragon S101 Gaming Keyboard, M601 Mouse, RGB Backlit Gaming Keyboard, Programmable Backlit Mouse, Value Combo Set [New Version]",2023-04,$27.64,4.9,No
B00NLZUM36,"Redragon S101 Gaming Keyboard, M601 Mouse, RGB Backlit Gaming Keyboard, Programmable Backlit Mouse, Value Combo Set [New Version]",2023-05,$32.17,4.9,No
B00NLZUM36,"Redragon S101 Gaming Keyboard, M601 Mouse, RGB Backlit Gaming Keyboard, Programmable Backlit Mouse, Value Combo Set [New Version]",2023-06,$29.77,5.0,No
B00NLZUM36,"Redragon S101 Gaming Keyboard, M601 Mouse, RGB Backlit Gaming Keyboard, Programmable Backlit Mouse, Value Combo Set [New Version]",2023-07,$28.93,5.0,No
B00NLZUM36,"Redragon S101 Gaming Keyboard, M601 Mouse, RGB Backlit Gaming Keyboard, Programmable Backlit Mouse, Value Combo Set [New Version]",2023-08,$29.93,5.0,No
B00NLZUM36,"Redragon S101 Gaming Keyboard, M601 Mouse, RGB Backlit Gaming Keyboard, Programmable Backlit Mouse, Value Combo Set [New Version]",2023-09,$29.17,5.0,No
B00NLZUM36,"Redragon S101 Gaming Keyboard, M601 Mouse, RGB Backlit Gaming Keyboard, Programmable Backlit Mouse, Value Combo Set [New Version]",2023-10,$28.78,5.0,No
B00NLZUM36,"Redragon S101 Gaming Keyboard, M601 Mouse, RGB Backlit Gaming Keyboard, Programmable Backlit Mouse, Value Combo Set [New Version]",2023-11,$29.07,4.8,No
B00NLZUM36,"Redragon S101 Gaming Keyboard, M601 Mouse, RGB Backlit Gaming Keyboard, Programmable Backlit Mouse, Value Combo Set [New Version]",2023-12,$28.15,5.0,No
B00NLZUM36,"Redragon S101 Gaming Keyboard, M601 Mouse, RGB Backlit Gaming Keyboard, Programmable Backlit Mouse, Value Combo Set [New Version]",2024-01,$30.85,5.0,No
B00NLZUM36,"Redragon S101 Gaming Keyboard, M601 Mouse, RGB Backlit Gaming Keyboard, Programmable Backlit Mouse, Value Combo Set [New Version]",2024-02,$27.49,5.0,No
B00NLZUM36,"Redragon S101 Gaming Keyboard, M601 Mouse, RGB Backlit Gaming Keyboard, Programmable Backlit Mouse, Value Combo Set [New Version]",2024-03,$32.26,5.0,No
B00NLZUM36,"Redragon S101 Gaming Keyboard, M601 Mouse, RGB Backlit Gaming Keyboard, Programmable Backlit Mouse, Value Combo Set [New Version]",2024-04,$29.82,4.6,No
B00NLZUM36,"Redragon S101 Gaming Keyboard, M601 Mouse, RGB Backlit Gaming Keyboard, Programmable Backlit Mouse, Value Combo Set [New Version]",2024-05,$29.02,5.0,No
B00NLZUM36,"Redragon S101 Gaming Keyboard, M601 Mouse, RGB Backlit Gaming Keyboard, Programmable Backlit Mouse, Value Combo Set [New Version]",2024-06,$29.27,5.0,No
B00NLZUM36,"Redragon S101 Gaming Keyboard, M601 Mouse, RGB Backlit Gaming Keyboard, Programmable Backlit Mouse, Value Combo Set [New Version]",2024-07,$29.29,5.0,No
B00NLZUM36,"Redragon S101 Gaming Keyboard, M601 Mouse, RGB Backlit Gaming Keyboard, Programmable Backlit Mouse, Value Combo Set [New Version]",2024-08,$30.83,4.9,No
B00NLZUM36,"Redragon S101 Gaming Keyboard, M601 Mouse, RGB Backlit Gaming Keyboard, Programmable Backlit Mouse, Value Combo Set [New Version]",2024-09,$27.46,5.0,No
B00NLZUM36,"Redragon S101 Gaming Keyboard, M601 Mouse, RGB Backlit Gaming Keyboard, Programmable Backlit Mouse, Value Combo Set [New Version]",2024-10,$31.86,4.5,No
B00NLZUM36,"Redragon S101 Gaming Keyboard, M601 Mouse, RGB Backlit Gaming Keyboard, Programmable Backlit Mouse, Value Combo Set [New Version]",2024-11,$27.68,4.9,No
B00NLZUM36,"Redragon S101 Gaming Keyboard, M601 Mouse, RGB Backlit Gaming Keyboard, Programmable Backlit Mouse, Value Combo Set [New Version]",2024-12,$28.43,4.7,No
B00NLZUM36,"Redragon S101 Gaming Keyboard, M601 Mouse, RGB Backlit Gaming Keyboard, Programmable Backlit Mouse, Value Combo Set [New Version]",2015-01,$28.73,5.0,No
B00NLZUM36,"Redragon S101 Gaming Keyboard, M601 Mouse, RGB Backlit Gaming Keyboard, Programmable Backlit Mouse, Value Combo Set [New Version]",2015-02,$28.93,4.6,No
B00NLZUM36,"Redragon S101 Gaming Keyboard, M601 Mouse, RGB Backlit Gaming Keyboard, Programmable Backlit Mouse, Value Combo Set [New Version]",2015-03,$31.14,5.0,No
B00NLZUM36,"Redragon S101 Gaming Keyboard, M601 Mouse, RGB Backlit Gaming Keyboard, Programmable Backlit Mouse, Value Combo Set [New Version]",2015-04,$32.48,5.0,No
B00NLZUM36,"Redragon S101 Gaming Keyboard, M601 Mouse, RGB Backlit Gaming Keyboard, Programmable Backlit Mouse, Value Combo Set [New Version]",2015-05,$31.11,5.0,No
B00NLZUM36,"Redragon S101 Gaming Keyboard, M601 Mouse, RGB Backlit Gaming Keyboard, Programmable Backlit Mouse, Value Combo Set [New Version]",2015-06,$27.23,4.8,No
B00NLZUM36,"Redragon S101 Gaming Keyboard, M601 Mouse, RGB Backlit Gaming Keyboard, Programmable Backlit Mouse, Value Combo Set [New Version]",2015-07,$29.94,4.5,No
B00NLZUM36,"Redragon S101 Gaming Keyboard, M601 Mouse, RGB Backlit Gaming Keyboard, Programmable Backlit Mouse, Value Combo Set [New Version]",2015-08,$29.43,4.9,No
B00NLZUM36,"Redragon S101 Gaming Keyboard, M601 Mouse, RGB Backlit Gaming Keyboard, Programmable Backlit Mouse, Value Combo Set [New Version]",2015-09,$31.63,5.0,No
B00NLZUM36,"Redragon S101 Gaming Keyboard, M601 Mouse, RGB Backlit Gaming Keyboard, Programmable Backlit Mouse, Value Combo Set [New Version]",2015-10,$27.20,5.0,No
B00NLZUM36,"Redragon S101 Gaming Keyboard, M601 Mouse, RGB Backlit Gaming Keyboard, Programmable Backlit Mouse, Value Combo Set [New Version]",2015-11,$29.11,5.0,No
B00NLZUM36,"Redragon S101 Gaming Keyboard, M601 Mouse, RGB Backlit Gaming Keyboard, Programmable Backlit Mouse, Value Combo Set [New Version]",2015-12,$28.81,5.0,No
B00NLZUM36,"Redragon S101 Gaming Keyboard, M601 Mouse, RGB Backlit Gaming Keyboard, Programmable Backlit Mouse, Value Combo Set [New Version]",2016-01,$29.34,5.0,No
B00NLZUM36,"Redragon S101 Gaming Keyboard, M601 Mouse, RGB Backlit Gaming Keyboard, Programmable Backlit Mouse, Value Combo Set [New Version]",2016-02,$32.27,5.0,No
B00NLZUM36,"Redragon S101 Gaming Keyboard, M601 Mouse, RGB Backlit Gaming Keyboard, Programmable Backlit Mouse, Value Combo Set [New Version]",2016-03,$32.00,4.9,No
B00NLZUM36,"Redragon S101 Gaming Keyboard, M601 Mouse, RGB Backlit Gaming Keyboard, Programmable Backlit Mouse, Value Combo Set [New Version]",2016-04,$32.79,4.7,No
B00NLZUM36,"Redragon S101 Gaming Keyboard, M601 Mouse, RGB Backlit Gaming Keyboard, Programmable Backlit Mouse, Value Combo Set [New Version]",2016-05,$28.93,4.5,No
B00NLZUM36,"Redragon S101 Gaming Keyboard, M601 Mouse, RGB Backlit Gaming Keyboard, Programmable Backlit Mouse, Value Combo Set [New Version]",2016-06,$27.01,4.7,No
B00NLZUM36,"Redragon S101 Gaming Keyboard, M601 Mouse, RGB Backlit Gaming Keyboard, Programmable Backlit Mouse, Value Combo Set [New Version]",2016-07,$28.95,5.0,No
B00NLZUM36,"Redragon S101 Gaming Keyboard, M601 Mouse, RGB Backlit Gaming Keyboard, Programmable Backlit Mouse, Value Combo Set [New Version]",2016-08,$30.46,4.9,No
B00NLZUM36,"Redragon S101 Gaming Keyboard, M601 Mouse, RGB Backlit Gaming Keyboard, Programmable Backlit Mouse, Value Combo Set [New Version]",2016-09,$32.69,4.6,No
B00NLZUM36,"Redragon S101 Gaming Keyboard, M601 Mouse, RGB Backlit Gaming Keyboard, Programmable Backlit Mouse, Value Combo Set [New Version]",2016-10,$27.94,4.9,No
B00NLZUM36,"Redragon S101 Gaming Keyboard, M601 Mouse, RGB Backlit Gaming Keyboard, Programmable Backlit Mouse, Value Combo Set [New Version]",2016-11,$27.98,4.6,No
B00NLZUM36,"Redragon S101 Gaming Keyboard, M601 Mouse, RGB Backlit Gaming Keyboard, Programmable Backlit Mouse, Value Combo Set [New Version]",2016-12,$31.54,5.0,No
B00NLZUM36,"Redragon S101 Gaming Keyboard, M601 Mouse, RGB Backlit Gaming Keyboard, Programmable Backlit Mouse, Value Combo Set [New Version]",2017-01,$31.29,4.6,No
B00NLZUM36,"Redragon S101 Gaming Keyboard, M601 Mouse, RGB Backlit Gaming Keyboard, Programmable Backlit Mouse, Value Combo Set [New Version]",2017-02,$32.24,5.0,No
B00NLZUM36,"Redragon S101 Gaming Keyboard, M601 Mouse, RGB Backlit Gaming Keyboard, Programmable Backlit Mouse, Value Combo Set [New Version]",2017-03,$29.08,5.0,No
B00NLZUM36,"Redragon S101 Gaming Keyboard, M601 Mouse, RGB Backlit Gaming Keyboard, Programmable Backlit Mouse, Value Combo Set [New Version]",2017-04,$28.83,5.0,No
B00NLZUM36,"Redragon S101 Gaming Keyboard, M601 Mouse, RGB Backlit Gaming Keyboard, Programmable Backlit Mouse, Value Combo Set [New Version]",2017-05,$27.78,4.7,No
B00NLZUM36,"Redragon S101 Gaming Keyboard, M601 Mouse, RGB Backlit Gaming Keyboard, Programmable Backlit Mouse, Value Combo Set [New Version]",2017-06,$29.28,4.5,No
B00NLZUM36,"Redragon S101 Gaming Keyboard, M601 Mouse, RGB Backlit Gaming Keyboard, Programmable Backlit Mouse, Value Combo Set [New Version]",2017-07,$31.08,5.0,No
B00NLZUM36,"Redragon S101 Gaming Keyboard, M601 Mouse, RGB Backlit Gaming Keyboard, Programmable Backlit Mouse, Value Combo Set [New Version]",2017-08,$29.93,5.0,No
B00NLZUM36,"Redragon S101 Gaming Keyboard, M601 Mouse, RGB Backlit Gaming Keyboard, Programmable Backlit Mouse, Value Combo Set [New Version]",2017-09,$30.38,4.9,No
B00NLZUM36,"Redragon S101 Gaming Keyboard, M601 Mouse, RGB Backlit Gaming Keyboard, Programmable Backlit Mouse, Value Combo Set [New Version]",2017-10,$30.02,4.9,No
B00NLZUM36,"Redragon S101 Gaming Keyboard, M601 Mouse, RGB Backlit Gaming Keyboard, Programmable Backlit Mouse, Value Combo Set [New Version]",2017-11,$31.93,4.8,No
B00NLZUM36,"Redragon S101 Gaming Keyboard, M601 Mouse, RGB Backlit Gaming Keyboard, Programmable Backlit Mouse, Value Combo Set [New Version]",2017-12,$31.26,4.5,No
B00NLZUM36,"Redragon S101 Gaming Keyboard, M601 Mouse, RGB Backlit Gaming Keyboard, Programmable Backlit Mouse, Value Combo Set [New Version]",2018-01,$27.76,5.0,No
B00NLZUM36,"Redragon S101 Gaming Keyboard, M601 Mouse, RGB Backlit Gaming Keyboard, Programmable Backlit Mouse, Value Combo Set [New Version]",2018-02,$32.26,5.0,No
B00NLZUM36,"Redragon S101 Gaming Keyboard, M601 Mouse, RGB Backlit Gaming Keyboard, Programmable Backlit Mouse, Value Combo Set [New Version]",2018-03,$32.31,5.0,No
B00NLZUM36,"Redragon S101 Gaming Keyboard, M601 Mouse, RGB Backlit Gaming Keyboard, Programmable Backlit Mouse, Value Combo Set [New Version]",2018-04,$29.72,4.6,No
B00NLZUM36,"Redragon S101 Gaming Keyboard, M601 Mouse, RGB Backlit Gaming Keyboard, Programmable Backlit Mouse, Value Combo Set [New Version]",2018-05,$32.51,5.0,No
B00NLZUM36,"Redragon S101 Gaming Keyboard, M601 Mouse, RGB Backlit Gaming Keyboard, Programmable Backlit Mouse, Value Combo Set [New Version]",2018-06,$28.26,4.9,No
B00NLZUM36,"Redragon S101 Gaming Keyboard, M601 Mouse, RGB Backlit Gaming Keyboard, Programmable Backlit Mouse, Value Combo Set [New Version]",2018-07,$28.47,5.0,No
B00NLZUM36,"Redragon S101 Gaming Keyboard, M601 Mouse, RGB Backlit Gaming Keyboard, Programmable Backlit Mouse, Value Combo Set [New Version]",2018-08,$31.68,5.0,No
B00NLZUM36,"Redragon S101 Gaming Keyboard, M601 Mouse, RGB Backlit Gaming Keyboard, Programmable Backlit Mouse, Value Combo Set [New Version]",2018-09,$29.25,4.8,No
B00NLZUM36,"Redragon S101 Gaming Keyboard, M601 Mouse, RGB Backlit Gaming Keyboard, Programmable Backlit Mouse, Value Combo Set [New Version]",2018-10,$30.42,5.0,No
B00NLZUM36,"Redragon S101 Gaming Keyboard, M601 Mouse, RGB Backlit Gaming Keyboard, Programmable Backlit Mouse, Value Combo Set [New Version]",2018-11,$28.41,5.0,No
B00NLZUM36,"Redragon S101 Gaming Keyboard, M601 Mouse, RGB Backlit Gaming Keyboard, Programmable Backlit Mouse, Value Combo Set [New Version]",2018-12,$28.71,4.8,No
B00NLZUM36,"Redragon S101 Gaming Keyboard, M601 Mouse, RGB Backlit Gaming Keyboard, Programmable Backlit Mouse, Value Combo Set [New Version]",2019-01,$29.01,5.0,No
B00NLZUM36,"Redragon S101 Gaming Keyboard, M601 Mouse, RGB Backlit Gaming Keyboard, Programmable Backlit Mouse, Value Combo Set [New Version]",2019-02,$32.40,4.9,No
B00NLZUM36,"Redragon S101 Gaming Keyboard, M601 Mouse, RGB Backlit Gaming Keyboard, Programmable Backlit Mouse, Value Combo Set [New Version]",2019-03,$28.93,4.9,No
B00NLZUM36,"Redragon S101 Gaming Keyboard, M601 Mouse, RGB Backlit Gaming Keyboard, Programmable Backlit Mouse, Value Combo Set [New Version]",2019-04,$32.96,4.9,No
B00NLZUM36,"Redragon S101 Gaming Keyboard, M601 Mouse, RGB Backlit Gaming Keyboard, Programmable Backlit Mouse, Value Combo Set [New Version]",2019-05,$27.00,5.0,No
B00NLZUM36,"Redragon S101 Gaming Keyboard, M601 Mouse, RGB Backlit Gaming Keyboard, Programmable Backlit Mouse, Value Combo Set [New Version]",2019-06,$28.76,5.0,No
B00NLZUM36,"Redragon S101 Gaming Keyboard, M601 Mouse, RGB Backlit Gaming Keyboard, Programmable Backlit Mouse, Value Combo Set [New Version]",2019-07,$32.32,4.6,No
B00NLZUM36,"Redragon S101 Gaming Keyboard, M601 Mouse, RGB Backlit Gaming Keyboard, Programmable Backlit Mouse, Value Combo Set [New Version]",2019-08,$29.07,4.7,No
B00NLZUM36,"Redragon S101 Gaming Keyboard, M601 Mouse, RGB Backlit Gaming Keyboard, Programmable Backlit Mouse, Value Combo Set [New Version]",2019-09,$29.06,5.0,No
B00NLZUM36,"Redragon S101 Gaming Keyboard, M601 Mouse, RGB Backlit Gaming Keyboard, Programmable Backlit Mouse, Value Combo Set [New Version]",2019-10,$32.93,4.6,No
B00NLZUM36,"Redragon S101 Gaming Keyboard, M601 Mouse, RGB Backlit Gaming Keyboard, Programmable Backlit Mouse, Value Combo Set [New Version]",2019-11,$29.58,5.0,No
B00NLZUM36,"Redragon S101 Gaming Keyboard, M601 Mouse, RGB Backlit Gaming Keyboard, Programmable Backlit Mouse, Value Combo Set [New Version]",2019-12,$28.65,4.7,No
B00NLZUM36,"Redragon S101 Gaming Keyboard, M601 Mouse, RGB Backlit Gaming Keyboard, Programmable Backlit Mouse, Value Combo Set [New Version]",2020-01,$30.43,4.7,No
B00NLZUM36,"Redragon S101 Gaming Keyboard, M601 Mouse, RGB Backlit Gaming Keyboard, Programmable Backlit Mouse, Value Combo Set [New Version]",2020-02,$27.62,4.9,No
B00NLZUM36,"Redragon S101 Gaming Keyboard, M601 Mouse, RGB Backlit Gaming Keyboard, Programmable Backlit Mouse, Value Combo Set [New Version]",2020-03,$31.50,5.0,No
B00NLZUM36,"Redragon S101 Gaming Keyboard, M601 Mouse, RGB Backlit Gaming Keyboard, Programmable Backlit Mouse, Value Combo Set [New Version]",2020-04,$32.89,5.0,No
B00NLZUM36,"Redragon S101 Gaming Keyboard, M601 Mouse, RGB Backlit Gaming Keyboard, Programmable Backlit Mouse, Value Combo Set [New Version]",2020-05,$28.86,4.8,No
B00NLZUM36,"Redragon S101 Gaming Keyboard, M601 Mouse, RGB Backlit Gaming Keyboard, Programmable Backlit Mouse, Value Combo Set [New Version]",2020-06,$28.97,5.0,No
B00NLZUM36,"Redragon S101 Gaming Keyboard, M601 Mouse, RGB Backlit Gaming Keyboard, Programmable Backlit Mouse, Value Combo Set [New Version]",2020-07,$28.52,5.0,No
B00NLZUM36,"Redragon S101 Gaming Keyboard, M601 Mouse, RGB Backlit Gaming Keyboard, Programmable Backlit Mouse, Value Combo Set [New Version]",2020-08,$31.98,5.0,No
B00NLZUM36,"Redragon S101 Gaming Keyboard, M601 Mouse, RGB Backlit Gaming Keyboard, Programmable Backlit Mouse, Value Combo Set [New Version]",2020-09,$32.46,5.0,No
B00NLZUM36,"Redragon S101 Gaming Keyboard, M601 Mouse, RGB Backlit Gaming Keyboard, Programmable Backlit Mouse, Value Combo Set [New Version]",2020-10,$30.15,4.6,No
B00NLZUM36,"Redragon S101 Gaming Keyboard, M601 Mouse, RGB Backlit Gaming Keyboard, Programmable Backlit Mouse, Value Combo Set [New Version]",2020-11,$29.40,4.9,No
B00NLZUM36,"Redragon S101 Gaming Keyboard, M601 Mouse, RGB Backlit Gaming Keyboard, Programmable Backlit Mouse, Value Combo Set [New Version]",2020-12,$32.20,5.0,No
B00NLZUM36,"Redragon S101 Gaming Keyboard, M601 Mouse, RGB Backlit Gaming Keyboard, Programmable Backlit Mouse, Value Combo Set [New Version]",2021-01,$29.63,4.9,No
B00NLZUM36,"Redragon S101 Gaming Keyboard, M601 Mouse, RGB Backlit Gaming Keyboard, Programmable Backlit Mouse, Value Combo Set [New Version]",2021-02,$30.46,4.6,No
B00NLZUM36,"Redragon S101 Gaming Keyboard, M601 Mouse, RGB Backlit Gaming Keyboard, Programmable Backlit Mouse, Value Combo Set [New Version]",2021-03,$32.31,5.0,No
B00NLZUM36,"Redragon S101 Gaming Keyboard, M601 Mouse, RGB Backlit Gaming Keyboard, Programmable Backlit Mouse, Value Combo Set [New Version]",2021-04,$27.38,5.0,No
B00NLZUM36,"Redragon S101 Gaming Keyboard, M601 Mouse, RGB Backlit Gaming Keyboard, Programmable Backlit Mouse, Value Combo Set [New Version]",2021-05,$27.56,4.6,No
B00NLZUM36,"Redragon S101 Gaming Keyboard, M601 Mouse, RGB Backlit Gaming Keyboard, Programmable Backlit Mouse, Value Combo Set [New Version]",2021-06,$27.98,5.0,No
B00NLZUM36,"Redragon S101 Gaming Keyboard, M601 Mouse, RGB Backlit Gaming Keyboard, Programmable Backlit Mouse, Value Combo Set [New Version]",2021-07,$28.20,5.0,No
B00NLZUM36,"Redragon S101 Gaming Keyboard, M601 Mouse, RGB Backlit Gaming Keyboard, Programmable Backlit Mouse, Value Combo Set [New Version]",2021-08,$27.53,4.8,No
B00NLZUM36,"Redragon S101 Gaming Keyboard, M601 Mouse, RGB Backlit Gaming Keyboard, Programmable Backlit Mouse, Value Combo Set [New Version]",2021-09,$30.85,5.0,No
B00NLZUM36,"Redragon S101 Gaming Keyboard, M601 Mouse, RGB Backlit Gaming Keyboard, Programmable Backlit Mouse, Value Combo Set [New Version]",2021-10,$29.70,4.7,No
B00NLZUM36,"Redragon S101 Gaming Keyboard, M601 Mouse, RGB Backlit Gaming Keyboard, Programmable Backlit Mouse, Value Combo Set [New Version]",2021-11,$28.96,4.9,No
B00NLZUM36,"Redragon S101 Gaming Keyboard, M601 Mouse, RGB Backlit Gaming Keyboard, Programmable Backlit Mouse, Value Combo Set [New Version]",2021-12,$28.04,5.0,No
B00NLZUM36,"Redragon S101 Gaming Keyboard, M601 Mouse, RGB Backlit Gaming Keyboard, Programmable Backlit Mouse, Value Combo Set [New Version]",2022-01,$28.66,4.6,No
B00NLZUM36,"Redragon S101 Gaming Keyboard, M601 Mouse, RGB Backlit Gaming Keyboard, Programmable Backlit Mouse, Value Combo Set [New Version]",2022-02,$31.34,5.0,No
B00NLZUM36,"Redragon S101 Gaming Keyboard, M601 Mouse, RGB Backlit Gaming Keyboard, Programmable Backlit Mouse, Value Combo Set [New Version]",2022-03,$29.45,5.0,No
B00NLZUM36,"Redragon S101 Gaming Keyboard, M601 Mouse, RGB Backlit Gaming Keyboard, Programmable Backlit Mouse, Value Combo Set [New Version]",2022-04,$32.81,4.7,No
B00NLZUM36,"Redragon S101 Gaming Keyboard, M601 Mouse, RGB Backlit Gaming Keyboard, Programmable Backlit Mouse, Value Combo Set [New Version]",2022-05,$31.17,4.9,No
B00NLZUM36,"Redragon S101 Gaming Keyboard, M601 Mouse, RGB Backlit Gaming Keyboard, Programmable Backlit Mouse, Value Combo Set [New Version]",2022-06,$28.85,5.0,No
B00NLZUM36,"Redragon S101 Gaming Keyboard, M601 Mouse, RGB Backlit Gaming Keyboard, Programmable Backlit Mouse, Value Combo Set [New Version]",2022-07,$28.58,4.5,No
B00NLZUM36,"Redragon S101 Gaming Keyboard, M601 Mouse, RGB Backlit Gaming Keyboard, Programmable Backlit Mouse, Value Combo Set [New Version]",2022-08,$32.59,5.0,No
B00NLZUM36,"Redragon S101 Gaming Keyboard, M601 Mouse, RGB Backlit Gaming Keyboard, Programmable Backlit Mouse, Value Combo Set [New Version]",2022-09,$30.06,4.6,No
B00NLZUM36,"Redragon S101 Gaming Keyboard, M601 Mouse, RGB Backlit Gaming Keyboard, Programmable Backlit Mouse, Value Combo Set [New Version]",2022-10,$28.36,4.9,No
B00NLZUM36,"Redragon S101 Gaming Keyboard, M601 Mouse, RGB Backlit Gaming Keyboard, Programmable Backlit Mouse, Value Combo Set [New Version]",2022-11,$30.56,5.0,No
B00NLZUM36,"Redragon S101 Gaming Keyboard, M601 Mouse, RGB Backlit Gaming Keyboard, Programmable Backlit Mouse, Value Combo Set [New Version]",2022-12,$31.58,5.0,No
B00NLZUM36,"Redragon S101 Gaming Keyboard, M601 Mouse, RGB Backlit Gaming Keyboard, Programmable Backlit Mouse, Value Combo Set [New Version]",2023-01,$30.77,4.6,No
B00NLZUM36,"Redragon S101 Gaming Keyboard, M601 Mouse, RGB Backlit Gaming Keyboard, Programmable Backlit Mouse, Value Combo Set [New Version]",2023-02,$28.40,4.6,No
B00NLZUM36,"Redragon S101 Gaming Keyboard, M601 Mouse, RGB Backlit Gaming Keyboard, Programmable Backlit Mouse, Value Combo Set [New Version]",2023-03,$30.42,4.7,No
B00NLZUM36,"Redragon S101 Gaming Keyboard, M601 Mouse, RGB Backlit Gaming Keyboard, Programmable Backlit Mouse, Value Combo Set [New Version]",2023-04,$27.64,4.9,No
B00NLZUM36,"Redragon S101 Gaming Keyboard, M601 Mouse, RGB Backlit Gaming Keyboard, Programmable Backlit Mouse, Value Combo Set [New Version]",2023-05,$32.17,4.9,No
B00NLZUM36,"Redragon S101 Gaming Keyboard, M601 Mouse, RGB Backlit Gaming Keyboard, Programmable Backlit Mouse, Value Combo Set [New Version]",2023-06,$29.77,5.0,No
B00NLZUM36,"Redragon S101 Gaming Keyboard, M601 Mouse, RGB Backlit Gaming Keyboard, Programmable Backlit Mouse, Value Combo Set [New Version]",2023-07,$28.93,5.0,No
B00NLZUM36,"Redragon S101 Gaming Keyboard, M601 Mouse, RGB Backlit Gaming Keyboard, Programmable Backlit Mouse, Value Combo Set [New Version]",2023-08,$29.93,5.0,No
B00NLZUM36,"Redragon S101 Gaming Keyboard, M601 Mouse, RGB Backlit Gaming Keyboard, Programmable Backlit Mouse, Value Combo Set [New Version]",2023-09,$29.17,5.0,No
B00NLZUM36,"Redragon S101 Gaming Keyboard, M601 Mouse, RGB Backlit Gaming Keyboard, Programmable Backlit Mouse, Value Combo Set [New Version]",2023-10,$28.78,5.0,No
B00NLZUM36,"Redragon S101 Gaming Keyboard, M601 Mouse, RGB Backlit Gaming Keyboard, Programmable Backlit Mouse, Value Combo Set [New Version]",2023-11,$29.07,4.8,No
B00NLZUM36,"Redragon S101 Gaming Keyboard, M601 Mouse, RGB Backlit Gaming Keyboard, Programmable Backlit Mouse, Value Combo Set [New Version]",2023-12,$28.15,5.0,No
B00NLZUM36,"Redragon S101 Gaming Keyboard, M601 Mouse, RGB Backlit Gaming Keyboard, Programmable Backlit Mouse, Value Combo Set [New Version]",2024-01,$30.85,5.0,No
B00NLZUM36,"Redragon S101 Gaming Keyboard, M601 Mouse, RGB Backlit Gaming Keyboard, Programmable Backlit Mouse, Value Combo Set [New Version]",2024-02,$27.49,5.0,No
B00NLZUM36,"Redragon S101 Gaming Keyboard, M601 Mouse, RGB Backlit Gaming Keyboard, Programmable Backlit Mouse, Value Combo Set [New Version]",2024-03,$32.26,5.0,No
B00NLZUM36,"Redragon S101 Gaming Keyboard, M601 Mouse, RGB Backlit Gaming Keyboard, Programmable Backlit Mouse, Value Combo Set [New Version]",2024-04,$29.82,4.6,No
B00NLZUM36,"Redragon S101 Gaming Keyboard, M601 Mouse, RGB Backlit Gaming Keyboard, Programmable Backlit Mouse, Value Combo Set [New Version]",2024-05,$29.02,5.0,No
B00NLZUM36,"Redragon S101 Gaming Keyboard, M601 Mouse, RGB Backlit Gaming Keyboard, Programmable Backlit Mouse, Value Combo Set [New Version]",2024-06,$29.27,5.0,No
B00NLZUM36,"Redragon S101 Gaming Keyboard, M601 Mouse, RGB Backlit Gaming Keyboard, Programmable Backlit Mouse, Value Combo Set [New Version]",2024-07,$29.29,5.0,No
B00NLZUM36,"Redragon S101 Gaming Keyboard, M601 Mouse, RGB Backlit Gaming Keyboard, Programmable Backlit Mouse, Value Combo Set [New Version]",2024-08,$30.83,4.9,No
B00NLZUM36,"Redragon S101 Gaming Keyboard, M601 Mouse, RGB Backlit Gaming Keyboard, Programmable Backlit Mouse, Value Combo Set [New Version]",2024-09,$27.46,5.0,No
B00NLZUM36,"Redragon S101 Gaming Keyboard, M601 Mouse, RGB Backlit Gaming Keyboard, Programmable Backlit Mouse, Value Combo Set [New Version]",2024-10,$31.86,4.5,No
B00NLZUM36,"Redragon S101 Gaming Keyboard, M601 Mouse, RGB Backlit Gaming Keyboard, Programmable Backlit Mouse, Value Combo Set [New Version]",2024-11,$27.68,4.9,No
B00NLZUM36,"Redragon S101 Gaming Keyboard, M601 Mouse, RGB Backlit Gaming Keyboard, Programmable Backlit Mouse, Value Combo Set [New Version]",2024-12,$28.43,4.7,No
B00NLZUM36,"Redragon S101 Gaming Keyboard, M601 Mouse, RGB Backlit Gaming Keyboard, Programmable Backlit Mouse, Value Combo Set [New Version]",2015-01,$27.81,5.0,No
B00NLZUM36,"Redragon S101 Gaming Keyboard, M601 Mouse, RGB Backlit Gaming Keyboard, Programmable Backlit Mouse, Value Combo Set [New Version]",2015-02,$32.86,4.6,No
B00NLZUM36,"Redragon S101 Gaming Keyboard, M601 Mouse, RGB Backlit Gaming Keyboard, Programmable Backlit Mouse, Value Combo Set [New Version]",2015-03,$32.25,5.0,No
B00NLZUM36,"Redragon S101 Gaming Keyboard, M601 Mouse, RGB Backlit Gaming Keyboard, Programmable Backlit Mouse, Value Combo Set [New Version]",2015-04,$29.15,5.0,No
B00NLZUM36,"Redragon S101 Gaming Keyboard, M601 Mouse, RGB Backlit Gaming Keyboard, Programmable Backlit Mouse, Value Combo Set [New Version]",2015-05,$28.05,4.6,No
B00NLZUM36,"Redragon S101 Gaming Keyboard, M601 Mouse, RGB Backlit Gaming Keyboard, Programmable Backlit Mouse, Value Combo Set [New Version]",2015-06,$29.37,5.0,No
B00NLZUM36,"Redragon S101 Gaming Keyboard, M601 Mouse, RGB Backlit Gaming Keyboard, Programmable Backlit Mouse, Value Combo Set [New Version]",2015-07,$27.06,4.8,No
B00NLZUM36,"Redragon S101 Gaming Keyboard, M601 Mouse, RGB Backlit Gaming Keyboard, Programmable Backlit Mouse, Value Combo Set [New Version]",2015-08,$31.68,5.0,No
B00NLZUM36,"Redragon S101 Gaming Keyboard, M601 Mouse, RGB Backlit Gaming Keyboard, Programmable Backlit Mouse, Value Combo Set [New Version]",2015-09,$32.75,4.5,No
B00NLZUM36,"Redragon S101 Gaming Keyboard, M601 Mouse, RGB Backlit Gaming Keyboard, Programmable Backlit Mouse, Value Combo Set [New Version]",2015-10,$29.83,5.0,No
B00NLZUM36,"Redragon S101 Gaming Keyboard, M601 Mouse, RGB Backlit Gaming Keyboard, Programmable Backlit Mouse, Value Combo Set [New Version]",2015-11,$30.85,4.6,No
B00NLZUM36,"Redragon S101 Gaming Keyboard, M601 Mouse, RGB Backlit Gaming Keyboard, Programmable Backlit Mouse, Value Combo Set [New Version]",2015-12,$30.83,5.0,No
B00NLZUM36,"Redragon S101 Gaming Keyboard, M601 Mouse, RGB Backlit Gaming Keyboard, Programmable Backlit Mouse, Value Combo Set [New Version]",2016-01,$28.72,5.0,No
B00NLZUM36,"Redragon S101 Gaming Keyboard, M601 Mouse, RGB Backlit Gaming Keyboard, Programmable Backlit Mouse, Value Combo Set [New Version]",2016-02,$27.50,4.8,No
B00NLZUM36,"Redragon S101 Gaming Keyboard, M601 Mouse, RGB Backlit Gaming Keyboard, Programmable Backlit Mouse, Value Combo Set [New Version]",2016-03,$30.22,4.6,No
B00NLZUM36,"Redragon S101 Gaming Keyboard, M601 Mouse, RGB Backlit Gaming Keyboard, Programmable Backlit Mouse, Value Combo Set [New Version]",2016-04,$30.03,5.0,No
B00NLZUM36,"Redragon S101 Gaming Keyboard, M601 Mouse, RGB Backlit Gaming Keyboard, Programmable Backlit Mouse, Value Combo Set [New Version]",2016-05,$31.42,5.0,No
B00NLZUM36,"Redragon S101 Gaming Keyboard, M601 Mouse, RGB Backlit Gaming Keyboard, Programmable Backlit Mouse, Value Combo Set [New Version]",2016-06,$32.27,4.6,No
B00NLZUM36,"Redragon S101 Gaming Keyboard, M601 Mouse, RGB Backlit Gaming Keyboard, Programmable Backlit Mouse, Value Combo Set [New Version]",2016-07,$27.42,4.6,No
B00NLZUM36,"Redragon S101 Gaming Keyboard, M601 Mouse, RGB Backlit Gaming Keyboard, Programmable Backlit Mouse, Value Combo Set [New Version]",2016-08,$28.71,5.0,No
B00NLZUM36,"Redragon S101 Gaming Keyboard, M601 Mouse, RGB Backlit Gaming Keyboard, Programmable Backlit Mouse, Value Combo Set [New Version]",2016-09,$28.29,4.7,No
B00NLZUM36,"Redragon S101 Gaming Keyboard, M601 Mouse, RGB Backlit Gaming Keyboard, Programmable Backlit Mouse, Value Combo Set [New Version]",2016-10,$27.86,5.0,No
B00NLZUM36,"Redragon S101 Gaming Keyboard, M601 Mouse, RGB Backlit Gaming Keyboard, Programmable Backlit Mouse, Value Combo Set [New Version]",2016-11,$29.45,5.0,No
B00NLZUM36,"Redragon S101 Gaming Keyboard, M601 Mouse, RGB Backlit Gaming Keyboard, Programmable Backlit Mouse, Value Combo Set [New Version]",2016-12,$30.91,4.6,No
B00NLZUM36,"Redragon S101 Gaming Keyboard, M601 Mouse, RGB Backlit Gaming Keyboard, Programmable Backlit Mouse, Value Combo Set [New Version]",2017-01,$27.13,5.0,No
B00NLZUM36,"Redragon S101 Gaming Keyboard, M601 Mouse, RGB Backlit Gaming Keyboard, Programmable Backlit Mouse, Value Combo Set [New Version]",2017-02,$29.26,4.9,No
B00NLZUM36,"Redragon S101 Gaming Keyboard, M601 Mouse, RGB Backlit Gaming Keyboard, Programmable Backlit Mouse, Value Combo Set [New Version]",2017-03,$29.78,5.0,No
B00NLZUM36,"Redragon S101 Gaming Keyboard, M601 Mouse, RGB Backlit Gaming Keyboard, Programmable Backlit Mouse, Value Combo Set [New Version]",2017-04,$32.46,5.0,No
B00NLZUM36,"Redragon S101 Gaming Keyboard, M601 Mouse, RGB Backlit Gaming Keyboard, Programmable Backlit Mouse, Value Combo Set [New Version]",2017-05,$27.55,5.0,No
B00NLZUM36,"Redragon S101 Gaming Keyboard, M601 Mouse, RGB Backlit Gaming Keyboard, Programmable Backlit Mouse, Value Combo Set [New Version]",2017-06,$31.92,4.6,No
B00NLZUM36,"Redragon S101 Gaming Keyboard, M601 Mouse, RGB Backlit Gaming Keyboard, Programmable Backlit Mouse, Value Combo Set [New Version]",2017-07,$31.48,4.6,No
B00NLZUM36,"Redragon S101 Gaming Keyboard, M601 Mouse, RGB Backlit Gaming Keyboard, Programmable Backlit Mouse, Value Combo Set [New Version]",2017-08,$29.31,4.6,No
B00NLZUM36,"Redragon S101 Gaming Keyboard, M601 Mouse, RGB Backlit Gaming Keyboard, Programmable Backlit Mouse, Value Combo Set [New Version]",2017-09,$32.35,5.0,No
B00NLZUM36,"Redragon S101 Gaming Keyboard, M601 Mouse, RGB Backlit Gaming Keyboard, Programmable Backlit Mouse, Value Combo Set [New Version]",2017-10,$27.25,5.0,No
B00NLZUM36,"Redragon S101 Gaming Keyboard, M601 Mouse, RGB Backlit Gaming Keyboard, Programmable Backlit Mouse, Value Combo Set [New Version]",2017-11,$31.04,5.0,No
B00NLZUM36,"Redragon S101 Gaming Keyboard, M601 Mouse, RGB Backlit Gaming Keyboard, Programmable Backlit Mouse, Value Combo Set [New Version]",2017-12,$30.92,5.0,No
B00NLZUM36,"Redragon S101 Gaming Keyboard, M601 Mouse, RGB Backlit Gaming Keyboard, Programmable Backlit Mouse, Value Combo Set [New Version]",2018-01,$27.68,5.0,No
B00NLZUM36,"Redragon S101 Gaming Keyboard, M601 Mouse, RGB Backlit Gaming Keyboard, Programmable Backlit Mouse, Value Combo Set [New Version]",2018-02,$27.39,4.7,No
B00NLZUM36,"Redragon S101 Gaming Keyboard, M601 Mouse, RGB Backlit Gaming Keyboard, Programmable Backlit Mouse, Value Combo Set [New Version]",2018-03,$30.97,5.0,No
B00NLZUM36,"Redragon S101 Gaming Keyboard, M601 Mouse, RGB Backlit Gaming Keyboard, Programmable Backlit Mouse, Value Combo Set [New Version]",2018-04,$31.14,5.0,No
B00NLZUM36,"Redragon S101 Gaming Keyboard, M601 Mouse, RGB Backlit Gaming Keyboard, Programmable Backlit Mouse, Value Combo Set [New Version]",2018-05,$31.70,5.0,No
B00NLZUM36,"Redragon S101 Gaming Keyboard, M601 Mouse, RGB Backlit Gaming Keyboard, Programmable Backlit Mouse, Value Combo Set [New Version]",2018-06,$31.81,4.6,No
B00NLZUM36,"Redragon S101 Gaming Keyboard, M601 Mouse, RGB Backlit Gaming Keyboard, Programmable Backlit Mouse, Value Combo Set [New Version]",2018-07,$30.58,5.0,No
B00NLZUM36,"Redragon S101 Gaming Keyboard, M601 Mouse, RGB Backlit Gaming Keyboard, Programmable Backlit Mouse, Value Combo Set [New Version]",2018-08,$30.84,4.7,No
B00NLZUM36,"Redragon S101 Gaming Keyboard, M601 Mouse, RGB Backlit Gaming Keyboard, Programmable Backlit Mouse, Value Combo Set [New Version]",2018-09,$30.22,5.0,No
B00NLZUM36,"Redragon S101 Gaming Keyboard, M601 Mouse, RGB Backlit Gaming Keyboard, Programmable Backlit Mouse, Value Combo Set [New Version]",2018-10,$30.72,4.9,No
B00NLZUM36,"Redragon S101 Gaming Keyboard, M601 Mouse, RGB Backlit Gaming Keyboard, Programmable Backlit Mouse, Value Combo Set [New Version]",2018-11,$27.54,4.7,No
B00NLZUM36,"Redragon S101 Gaming Keyboard, M601 Mouse, RGB Backlit Gaming Keyboard, Programmable Backlit Mouse, Value Combo Set [New Version]",2018-12,$30.44,4.7,No
B00NLZUM36,"Redragon S101 Gaming Keyboard, M601 Mouse, RGB Backlit Gaming Keyboard, Programmable Backlit Mouse, Value Combo Set [New Version]",2019-01,$32.05,5.0,No
B00NLZUM36,"Redragon S101 Gaming Keyboard, M601 Mouse, RGB Backlit Gaming Keyboard, Programmable Backlit Mouse, Value Combo Set [New Version]",2019-02,$30.00,5.0,No
B00NLZUM36,"Redragon S101 Gaming Keyboard, M601 Mouse, RGB Backlit Gaming Keyboard, Programmable Backlit Mouse, Value Combo Set [New Version]",2019-03,$28.03,5.0,No
B00NLZUM36,"Redragon S101 Gaming Keyboard, M601 Mouse, RGB Backlit Gaming Keyboard, Programmable Backlit Mouse, Value Combo Set [New Version]",2019-04,$29.52,4.9,No
B00NLZUM36,"Redragon S101 Gaming Keyboard, M601 Mouse, RGB Backlit Gaming Keyboard, Programmable Backlit Mouse, Value Combo Set [New Version]",2019-05,$32.36,5.0,No
B00NLZUM36,"Redragon S101 Gaming Keyboard, M601 Mouse, RGB Backlit Gaming Keyboard, Programmable Backlit Mouse, Value Combo Set [New Version]",2019-06,$31.86,5.0,No
B00NLZUM36,"Redragon S101 Gaming Keyboard, M601 Mouse, RGB Backlit Gaming Keyboard, Programmable Backlit Mouse, Value Combo Set [New Version]",2019-07,$30.27,4.6,No
B00NLZUM36,"Redragon S101 Gaming Keyboard, M601 Mouse, RGB Backlit Gaming Keyboard, Programmable Backlit Mouse, Value Combo Set [New Version]",2019-08,$30.98,5.0,No
B00NLZUM36,"Redragon S101 Gaming Keyboard, M601 Mouse, RGB Backlit Gaming Keyboard, Programmable Backlit Mouse, Value Combo Set [New Version]",2019-09,$29.34,5.0,No
B00NLZUM36,"Redragon S101 Gaming Keyboard, M601 Mouse, RGB Backlit Gaming Keyboard, Programmable Backlit Mouse, Value Combo Set [New Version]",2019-10,$27.94,4.8,No
B00NLZUM36,"Redragon S101 Gaming Keyboard, M601 Mouse, RGB Backlit Gaming Keyboard, Programmable Backlit Mouse, Value Combo Set [New Version]",2019-11,$29.54,5.0,No
B00NLZUM36,"Redragon S101 Gaming Keyboard, M601 Mouse, RGB Backlit Gaming Keyboard, Programmable Backlit Mouse, Value Combo Set [New Version]",2019-12,$31.21,5.0,No
B00NLZUM36,"Redragon S101 Gaming Keyboard, M601 Mouse, RGB Backlit Gaming Keyboard, Programmable Backlit Mouse, Value Combo Set [New Version]",2020-01,$29.99,5.0,No
B00NLZUM36,"Redragon S101 Gaming Keyboard, M601 Mouse, RGB Backlit Gaming Keyboard, Programmable Backlit Mouse, Value Combo Set [New Version]",2020-02,$28.26,4.7,No
B00NLZUM36,"Redragon S101 Gaming Keyboard, M601 Mouse, RGB Backlit Gaming Keyboard, Programmable Backlit Mouse, Value Combo Set [New Version]",2020-03,$30.39,4.7,No
B00NLZUM36,"Redragon S101 Gaming Keyboard, M601 Mouse, RGB Backlit Gaming Keyboard, Programmable Backlit Mouse, Value Combo Set [New Version]",2020-04,$32.54,4.6,No
B00NLZUM36,"Redragon S101 Gaming Keyboard, M601 Mouse, RGB Backlit Gaming Keyboard, Programmable Backlit Mouse, Value Combo Set [New Version]",2020-05,$31.91,5.0,No
B00NLZUM36,"Redragon S101 Gaming Keyboard, M601 Mouse, RGB Backlit Gaming Keyboard, Programmable Backlit Mouse, Value Combo Set [New Version]",2020-06,$29.60,4.8,No
B00NLZUM36,"Redragon S101 Gaming Keyboard, M601 Mouse, RGB Backlit Gaming Keyboard, Programmable Backlit Mouse, Value Combo Set [New Version]",2020-07,$29.36,5.0,No
B00NLZUM36,"Redragon S101 Gaming Keyboard, M601 Mouse, RGB Backlit Gaming Keyboard, Programmable Backlit Mouse, Value Combo Set [New Version]",2020-08,$27.49,5.0,No
B00NLZUM36,"Redragon S101 Gaming Keyboard, M601 Mouse, RGB Backlit Gaming Keyboard, Programmable Backlit Mouse, Value Combo Set [New Version]",2020-09,$32.80,5.0,No
B00NLZUM36,"Redragon S101 Gaming Keyboard, M601 Mouse, RGB Backlit Gaming Keyboard, Programmable Backlit Mouse, Value Combo Set [New Version]",2020-10,$27.31,5.0,No
B00NLZUM36,"Redragon S101 Gaming Keyboard, M601 Mouse, RGB Backlit Gaming Keyboard, Programmable Backlit Mouse, Value Combo Set [New Version]",2020-11,$27.12,4.5,No
B00NLZUM36,"Redragon S101 Gaming Keyboard, M601 Mouse, RGB Backlit Gaming Keyboard, Programmable Backlit Mouse, Value Combo Set [New Version]",2020-12,$28.67,5.0,No
B00NLZUM36,"Redragon S101 Gaming Keyboard, M601 Mouse, RGB Backlit Gaming Keyboard, Programmable Backlit Mouse, Value Combo Set [New Version]",2021-01,$30.03,5.0,No
B00NLZUM36,"Redragon S101 Gaming Keyboard, M601 Mouse, RGB Backlit Gaming Keyboard, Programmable Backlit Mouse, Value Combo Set [New Version]",2021-02,$32.95,4.8,No
B00NLZUM36,"Redragon S101 Gaming Keyboard, M601 Mouse, RGB Backlit Gaming Keyboard, Programmable Backlit Mouse, Value Combo Set [New Version]",2021-03,$32.76,4.9,No
B00NLZUM36,"Redragon S101 Gaming Keyboard, M601 Mouse, RGB Backlit Gaming Keyboard, Programmable Backlit Mouse, Value Combo Set [New Version]",2021-04,$31.23,5.0,No
B00NLZUM36,"Redragon S101 Gaming Keyboard, M601 Mouse, RGB Backlit Gaming Keyboard, Programmable Backlit Mouse, Value Combo Set [New Version]",2021-05,$31.36,5.0,No
B00NLZUM36,"Redragon S101 Gaming Keyboard, M601 Mouse, RGB Backlit Gaming Keyboard, Programmable Backlit Mouse, Value Combo Set [New Version]",2021-06,$31.16,5.0,No
B00NLZUM36,"Redragon S101 Gaming Keyboard, M601 Mouse, RGB Backlit Gaming Keyboard, Programmable Backlit Mouse, Value Combo Set [New Version]",2021-07,$30.58,5.0,No
B00NLZUM36,"Redragon S101 Gaming Keyboard, M601 Mouse, RGB Backlit Gaming Keyboard, Programmable Backlit Mouse, Value Combo Set [New Version]",2021-08,$32.39,4.8,No
B00NLZUM36,"Redragon S101 Gaming Keyboard, M601 Mouse, RGB Backlit Gaming Keyboard, Programmable Backlit Mouse, Value Combo Set [New Version]",2021-09,$31.65,5.0,No
B00NLZUM36,"Redragon S101 Gaming Keyboard, M601 Mouse, RGB Backlit Gaming Keyboard, Programmable Backlit Mouse, Value Combo Set [New Version]",2021-10,$32.24,4.9,No
B00NLZUM36,"Redragon S101 Gaming Keyboard, M601 Mouse, RGB Backlit Gaming Keyboard, Programmable Backlit Mouse, Value Combo Set [New Version]",2021-11,$28.88,5.0,No
B00NLZUM36,"Redragon S101 Gaming Keyboard, M601 Mouse, RGB Backlit Gaming Keyboard, Programmable Backlit Mouse, Value Combo Set [New Version]",2021-12,$31.32,5.0,No
B00NLZUM36,"Redragon S101 Gaming Keyboard, M601 Mouse, RGB Backlit Gaming Keyboard, Programmable Backlit Mouse, Value Combo Set [New Version]",2022-01,$28.54,5.0,No
B00NLZUM36,"Redragon S101 Gaming Keyboard, M601 Mouse, RGB Backlit Gaming Keyboard, Programmable Backlit Mouse, Value Combo Set [New Version]",2022-02,$27.12,4.5,No
B00NLZUM36,"Redragon S101 Gaming Keyboard, M601 Mouse, RGB Backlit Gaming Keyboard, Programmable Backlit Mouse, Value Combo Set [New Version]",2022-03,$31.49,5.0,No
B00NLZUM36,"Redragon S101 Gaming Keyboard, M601 Mouse, RGB Backlit Gaming Keyboard, Programmable Backlit Mouse, Value Combo Set [New Version]",2022-04,$28.82,4.7,No
B00NLZUM36,"Redragon S101 Gaming Keyboard, M601 Mouse, RGB Backlit Gaming Keyboard, Programmable Backlit Mouse, Value Combo Set [New Version]",2022-05,$28.94,5.0,No
B00NLZUM36,"Redragon S101 Gaming Keyboard, M601 Mouse, RGB Backlit Gaming Keyboard, Programmable Backlit Mouse, Value Combo Set [New Version]",2022-06,$32.48,4.6,No
B00NLZUM36,"Redragon S101 Gaming Keyboard, M601 Mouse, RGB Backlit Gaming Keyboard, Programmable Backlit Mouse, Value Combo Set [New Version]",2022-07,$28.24,5.0,No
B00NLZUM36,"Redragon S101 Gaming Keyboard, M601 Mouse, RGB Backlit Gaming Keyboard, Programmable Backlit Mouse, Value Combo Set [New Version]",2022-08,$31.28,4.8,No
B00NLZUM36,"Redragon S101 Gaming Keyboard, M601 Mouse, RGB Backlit Gaming Keyboard, Programmable Backlit Mouse, Value Combo Set [New Version]",2022-09,$27.59,4.7,No
B00NLZUM36,"Redragon S101 Gaming Keyboard, M601 Mouse, RGB Backlit Gaming Keyboard, Programmable Backlit Mouse, Value Combo Set [New Version]",2022-10,$28.54,5.0,No
B00NLZUM36,"Redragon S101 Gaming Keyboard, M601 Mouse, RGB Backlit Gaming Keyboard, Programmable Backlit Mouse, Value Combo Set [New Version]",2022-11,$27.00,5.0,No
B00NLZUM36,"Redragon S101 Gaming Keyboard, M601 Mouse, RGB Backlit Gaming Keyboard, Programmable Backlit Mouse, Value Combo Set [New Version]",2022-12,$30.40,5.0,No
B00NLZUM36,"Redragon S101 Gaming Keyboard, M601 Mouse, RGB Backlit Gaming Keyboard, Programmable Backlit Mouse, Value Combo Set [New Version]",2023-01,$32.02,5.0,No
B00NLZUM36,"Redragon S101 Gaming Keyboard, M601 Mouse, RGB Backlit Gaming Keyboard, Programmable Backlit Mouse, Value Combo Set [New Version]",2023-02,$28.63,5.0,No
B00NLZUM36,"Redragon S101 Gaming Keyboard, M601 Mouse, RGB Backlit Gaming Keyboard, Programmable Backlit Mouse, Value Combo Set [New Version]",2023-03,$28.48,5.0,No
B00NLZUM36,"Redragon S101 Gaming Keyboard, M601 Mouse, RGB Backlit Gaming Keyboard, Programmable Backlit Mouse, Value Combo Set [New Version]",2023-04,$32.69,5.0,No
B00NLZUM36,"Redragon S101 Gaming Keyboard, M601 Mouse, RGB Backlit Gaming Keyboard, Programmable Backlit Mouse, Value Combo Set [New Version]",2023-05,$27.29,4.6,No
B00NLZUM36,"Redragon S101 Gaming Keyboard, M601 Mouse, RGB Backlit Gaming Keyboard, Programmable Backlit Mouse, Value Combo Set [New Version]",2023-06,$27.12,5.0,No
B00NLZUM36,"Redragon S101 Gaming Keyboard, M601 Mouse, RGB Backlit Gaming Keyboard, Programmable Backlit Mouse, Value Combo Set [New Version]",2023-07,$27.18,5.0,No
B00NLZUM36,"Redragon S101 Gaming Keyboard, M601 Mouse, RGB Backlit Gaming Keyboard, Programmable Backlit Mouse, Value Combo Set [New Version]",2023-08,$30.84,4.6,No
B00NLZUM36,"Redragon S101 Gaming Keyboard, M601 Mouse, RGB Backlit Gaming Keyboard, Programmable Backlit Mouse, Value Combo Set [New Version]",2023-09,$28.96,4.6,No
B00NLZUM36,"Redragon S101 Gaming Keyboard, M601 Mouse, RGB Backlit Gaming Keyboard, Programmable Backlit Mouse, Value Combo Set [New Version]",2023-10,$29.62,5.0,No
B00NLZUM36,"Redragon S101 Gaming Keyboard, M601 Mouse, RGB Backlit Gaming Keyboard, Programmable Backlit Mouse, Value Combo Set [New Version]",2023-11,$32.76,4.6,No
B00NLZUM36,"Redragon S101 Gaming Keyboard, M601 Mouse, RGB Backlit Gaming Keyboard, Programmable Backlit Mouse, Value Combo Set [New Version]",2023-12,$32.52,4.7,No
B00NLZUM36,"Redragon S101 Gaming Keyboard, M601 Mouse, RGB Backlit Gaming Keyboard, Programmable Backlit Mouse, Value Combo Set [New Version]",2024-01,$29.11,4.5,No
B00NLZUM36,"Redragon S101 Gaming Keyboard, M601 Mouse, RGB Backlit Gaming Keyboard, Programmable Backlit Mouse, Value Combo Set [New Version]",2024-02,$29.83,5.0,No
B00NLZUM36,"Redragon S101 Gaming Keyboard, M601 Mouse, RGB Backlit Gaming Keyboard, Programmable Backlit Mouse, Value Combo Set [New Version]",2024-03,$30.16,5.0,No
B00NLZUM36,"Redragon S101 Gaming Keyboard, M601 Mouse, RGB Backlit Gaming Keyboard, Programmable Backlit Mouse, Value Combo Set [New Version]",2024-04,$30.76,5.0,No
B00NLZUM36,"Redragon S101 Gaming Keyboard, M601 Mouse, RGB Backlit Gaming Keyboard, Programmable Backlit Mouse, Value Combo Set [New Version]",2024-05,$28.56,5.0,No
B00NLZUM36,"Redragon S101 Gaming Keyboard, M601 Mouse, RGB Backlit Gaming Keyboard, Programmable Backlit Mouse, Value Combo Set [New Version]",2024-06,$32.18,4.6,No
B00NLZUM36,"Redragon S101 Gaming Keyboard, M601 Mouse, RGB Backlit Gaming Keyboard, Programmable Backlit Mouse, Value Combo Set [New Version]",2024-07,$31.19,5.0,No
B00NLZUM36,"Redragon S101 Gaming Keyboard, M601 Mouse, RGB Backlit Gaming Keyboard, Programmable Backlit Mouse, Value Combo Set [New Version]",2024-08,$29.73,5.0,No
B00NLZUM36,"Redragon S101 Gaming Keyboard, M601 Mouse, RGB Backlit Gaming Keyboard, Programmable Backlit Mouse, Value Combo Set [New Version]",2024-09,$30.65,4.5,No
B00NLZUM36,"Redragon S101 Gaming Keyboard, M601 Mouse, RGB Backlit Gaming Keyboard, Programmable Backlit Mouse, Value Combo Set [New Version]",2024-10,$28.97,5.0,No
B00NLZUM36,"Redragon S101 Gaming Keyboard, M601 Mouse, RGB Backlit Gaming Keyboard, Programmable Backlit Mouse, Value Combo Set [New Version]",2024-11,$30.48,4.9,No
B00NLZUM36,"Redragon S101 Gaming Keyboard, M601 Mouse, RGB Backlit Gaming Keyboard, Programmable Backlit Mouse, Value Combo Set [New Version]",2024-12,$32.95,5.0,No
